UNLOCODE,Port,ISO3,Country,Location Name,Lat,Lon,Recent Grains and Oilseeds
ARUSH,Ushuaia,ARG,Argentina,Ushuaia,-54.809704,-68.297816,
FKPSY,,FLK,Falkland Islands (Malvinas),Port Stanley,-51.691403,-57.821292,
ARPUD,,ARG,Argentina,Puerto Deseado,-47.75528,-65.909982,
NZTWI,Tiwai Point/Bluff Port,NZL,New Zealand,Tiwai Point/Bluff Port,-46.592097,168.347845,Import
NZDUD,Dunedin,NZL,New Zealand,Dunedin,-45.880542,170.50966,Import
ARCLC,,ARG,Argentina,Caleta Cordoba,-45.749483,-67.369215,
CLPCH,,CHL,Chile,Puerto Chacabuco,-45.466518,-72.823066,
NZTIU,Timaru,NZL,New Zealand,Timaru,-44.39079,171.257571,Import
NZLYT,Lyttelton,NZL,New Zealand,Lyttelton,-43.606931,172.7178,Import
AUHBA,Hobart,AUS,Australia,Hobart,-42.883824,147.338742,
ARPMY,Puerto Madryn,ARG,Argentina,Puerto Madryn,-42.736057,-65.020825,
CLQMC,,CHL,Chile,Quemchi,-42.150075,-73.485416,
CLCBC,,CHL,Chile,Calbuco,-41.789404,-73.197897,
CLPMC,Puerto Montt,CHL,Chile,Puerto Montt,-41.485139,-72.959933,Import
NZPCN,,NZL,New Zealand,Picton,-41.28261,174.006894,
NZWLG,Wellington,NZL,New Zealand,Wellington,-41.279041,174.79294,Import
NZNSN,Nelson,NZL,New Zealand,Nelson,-41.258055,173.272947,Import
AUDPO,Devonport,AUS,Australia,"Devonport, AU",-41.182786,146.363621,
AUBEL,,AUS,Australia,Bell Bay,-41.140234,146.85392,
AUBWT,,AUS,Australia,Burnie,-41.051694,145.91254,
AUPLA,,AUS,Australia,Port Latta,-40.833703,145.388426,
ARSAE,,ARG,Argentina,San Antonio Este,-40.79618,-64.885498,
CLCRR,,CHL,Chile,Corral,-39.878551,-73.422264,
NZNPE,Napier,NZL,New Zealand,Napier,-39.474023,176.919457,Import
NZNPL,New Plymouth,NZL,New Zealand,New Plymouth,-39.055258,174.035368,Import
ARBHI,Bahia Blanca,ARG,Argentina,Bahia Blanca,-38.790931,-62.274006,Import/Export
NZGIS,Gisborne,NZL,New Zealand,Gisborne,-38.674815,178.023329,Import
ARQQN,Puerto Quequen,ARG,Argentina,Puerto Quequen,-38.574994,-58.712359,Export
AUPTJ,,AUS,Australia,"Portland, AU",-38.347027,141.620709,
AUHAS,,AUS,Australia,Hastings,-38.307199,145.230282,
ARMDQ,Mar del Plata,ARG,Argentina,Mar del Plata,-38.039846,-57.530903,
AUMEL,Melbourne,AUS,Australia,Melbourne,-37.819119,144.917489,Import/Export
NZTRG,Tauranga,NZL,New Zealand,Tauranga,-37.644709,176.181492,Import
AUQDN,,AUS,Australia,Eden,-37.07321,149.90766,
CLCNL,Coronel,CHL,Chile,Coronel,-37.03171,-73.162041,Import
NZAKL,Auckland,NZL,New Zealand,Auckland,-36.842124,174.777729,Import
CLSVE,San Vicente,CHL,Chile,San Vicente,-36.734466,-73.136881,
NZMAP,Marsden Point,NZL,New Zealand,Marsden Point,-35.834283,174.492871,Import
AUALH,Albany,AUS,Australia,Albany,-35.036757,117.897737,Import/Export
AUPGI,Port Giles,AUS,Australia,Port Giles,-35.021002,137.767316,Import/Export
AUADL,Adelaide,AUS,Australia,Adelaide,-34.784971,138.512947,Export
AUPLO,Port Lincoln,AUS,Australia,Port Lincoln,-34.713652,135.87049,Import/Export
UYLAP,,URY,Uruguay,La Paloma/Rocha,-34.651086,-54.144428,
ARBUE,Buenos Aires,ARG,Argentina,Buenos Aires,-34.577876,-58.372687,Import
AUPKL,Port Kembla,AUS,Australia,Port Kembla,-34.4578,150.893346,Import/Export
AUARD,,AUS,Australia,"Ardrossan, AU",-34.439329,137.926768,
ZASMN,,ZAF,South Africa,Simons Town,-34.187749,18.437974,
ZAMZY,Mossel Bay,ZAF,South Africa,Mossel Bay,-34.177759,22.14716,
AUKUR,,AUS,Australia,Kurnell,-33.999803,151.209295,
ZAPLZ,Port Elizabeth,ZAF,South Africa,Port Elizabeth,-33.961982,25.640128,Import
AUWAL,Wallaroo,AUS,Australia,Wallaroo,-33.925129,137.611645,Export
ZACPT,Cape Town,ZAF,South Africa,Cape Town,-33.912298,18.435443,Import
AUEPR,Esperance,AUS,Australia,Esperance,-33.870396,121.899063,Export
AUBUS,,AUS,Australia,Busselton,-33.630535,115.338273,
CLSAI,San Antonio,CHL,Chile,San Antonio,-33.583921,-71.619054,Import
AUBUY,Bunbury,AUS,Australia,Bunbury,-33.31079,115.640935,Import/Export
AUPPI,,AUS,Australia,Port Pirie,-33.176444,138.011914,
AUWYA,,AUS,Australia,Whyalla,-33.03627,137.600706,
CLVAP,Valparaiso,CHL,Chile,Valparaiso,-33.033601,-71.619687,
ZASDB,Saldanha Bay,ZAF,South Africa,Saldanha Bay,-33.03119,17.983149,Import
ZAELS,East London,ZAF,South Africa,East London,-33.026329,27.912101,Import
AUNTL,Newcastle,AUS,Australia,Newcastle,-32.890856,151.771287,Import/Export
CLQTV,Quintero,CHL,Chile,Quintero,-32.761001,-71.496877,Import
AUKWI,Kwinana,AUS,Australia,Kwinana,-32.195796,115.747028,Import/Export
AUTHE,Thevenard,AUS,Australia,Thevenard,-32.149583,133.638667,Export
BRRIG,"Rio Grande, BR",BRA,Brazil,"Rio Grande, BR",-32.078872,-52.09359,Import/Export
CLPTC,,CHL,Chile,Punta Chungo,-31.888752,-71.5065,
BRPET,,BRA,Brazil,Pelotas,-31.782574,-52.333517,
BRPOA,Porto Alegre,BRA,Brazil,Porto Alegre,-30.021834,-51.223448,
CLGYC,,CHL,Chile,Guayacan,-29.972023,-71.353737,
ZADUR,Durban,ZAF,South Africa,Durban,-29.876146,31.03735,Import
ZARCB,Richards Bay,ZAF,South Africa,Richards Bay,-28.803333,32.055,Import
AUGET,Geraldton,AUS,Australia,Geraldton,-28.773964,114.598299,Import/Export
CLHSO,,CHL,Chile,Huasco,-28.465626,-71.250424,
BRIBB,Imbituba,BRA,Brazil,Imbituba,-28.229706,-48.652138,Import/Export
AUBNE,Brisbane,AUS,Australia,Brisbane,-27.376286,153.163766,Import/Export
BRITJ,,BRA,Brazil,Itajai,-26.901077,-48.662839,
NULL,,CHL,Chile,Punta Totoralillo,-26.847618,-70.813742,
NALUD,Luderitz,NAM,Namibia,Luderitz,-26.638613,15.154884,
CLCNR,Chanaral,CHL,Chile,Chanaral,-26.356473,-70.645686,
BRSFS,Sao Francisco do Sul,BRA,Brazil,Sao Francisco do Sul,-26.236997,-48.636837,Import/Export
AUUSL,,AUS,Australia,Useless Loop,-26.088771,113.4192,
MZMPM,Maputo,MOZ,Mozambique,Maputo,-25.96911,32.555288,Import
BRPNG,Paranagua,BRA,Brazil,Paranagua,-25.499471,-48.517279,Import/Export
MGEHL,,MDG,Madagascar,Ehoala,-25.065097,46.964469,
AUBDB,,AUS,Australia,Bundaberg,-24.770274,152.381383,
AUCCU,,AUS,Australia,Cape Cuvier,-24.220822,113.396332,
BRSSZ,Santos,BRA,Brazil,Santos,-23.965514,-46.298081,Import/Export
AUGLT,Gladstone,AUS,Australia,Gladstone,-23.828603,151.2423,Import/Export
BRSSO,Sao Sebastiao,BRA,Brazil,Sao Sebastiao,-23.807748,-45.392951,Import
CLANF,Antofagasta,CHL,Chile,Antofagasta,-23.645717,-70.407868,
AUPTL,,AUS,Australia,Port Alma,-23.585016,150.862509,
MGTLE,Tulear (Toliara),MDG,Madagascar,Tulear (Toliara),-23.378253,43.663966,
CLMJS,,CHL,Chile,Mejillones,-23.083333,-70.416667,
BRGEB,,BRA,Brazil,Gebig,-23.061818,-44.228539,
BRFNO,,BRA,Brazil,Forno,-22.97175,-42.015572,
NAWVB,Walvis Bay,NAM,Namibia,Walvis Bay,-22.950387,14.496338,Import
BRSPB,,BRA,Brazil,Itaguai,-22.933662,-43.833512,
BRRIO,Rio de Janeiro,BRA,Brazil,Rio de Janeiro,-22.89243,-43.211591,Import
CLMIC,,CHL,Chile,Michilla,-22.720556,-70.284064,
NCPNY,,NCL,New Caledonia,Prony,-22.353138,166.890036,
NCNOU,Noumea,NCL,New Caledonia,Noumea,-22.260288,166.431301,
CLTOQ,,CHL,Chile,Tocopilla,-22.090795,-70.209444,
NULL,,BRA,Brazil,Porto Do Acu,-21.84451,-40.99622,
AUONS,,AUS,Australia,Onslow,-21.625657,115.096096,
NCTHI,Thio,NCL,New Caledonia,Thio,-21.613625,166.247847,
NCNEP,,NCL,New Caledonia,Nepoui,-21.333132,164.987364,
AUHPT,Hay Point,AUS,Australia,Hay Point,-21.254816,149.309643,Import
CKRAR,,COK,Cook Islands,Avatiu,-21.204377,-159.78472,
NCBUG,,NCL,New Caledonia,Baie Ugue,-21.146049,165.557245,
TOTBU,Nukualofa,TON,Tonga,Nukualofa,-21.136242,-175.180981,
NCVAV,,NCL,New Caledonia,Vavouto,-21.003307,164.666697,
REREU,Reunion,REU,Réunion,Reunion,-20.93167,55.321233,Import
AUCPN,,AUS,Australia,Cape Preston,-20.831471,116.192499,
BRPOU,,BRA,Brazil,Ponta Ubu,-20.787437,-40.573365,
CLCAL,,CHL,Chile,Caleta Patillos,-20.745527,-70.19049,
AUDAM,,AUS,Australia,Dampier,-20.663411,116.701119,
AUPWL,,AUS,Australia,Port Walcott,-20.580429,117.192249,
AUPHE,,AUS,Australia,Port Hedland,-20.31355,118.571187,
BRTUB,Tubarao,BRA,Brazil,Tubarao,-20.28925,-40.245962,Export
CLIQQ,Iquique,CHL,Chile,Iquique,-20.203697,-70.154279,
MUPLU,Port Louis,MUS,Mauritius,Port Louis,-20.152436,57.491824,Import
AUABP,,AUS,Australia,Abbot Point,-19.859141,148.083663,
BRPCL,,BRA,Brazil,Portocel,-19.83851,-40.059784,
MZBEW,Beira,MOZ,Mozambique,Beira,-19.815591,34.833147,Import
MUPMA,,MUS,Mauritius,Port Mathurin,-19.680344,63.420378,
AUTSV,Townsville,AUS,Australia,Townsville,-19.245528,146.836095,
TONEI,Neiafu,TON,Tonga,Neiafu,-18.652949,-173.98486,
AULUC,,AUS,Australia,Lucinda,-18.521591,146.331814,
CLARI,Arica,CHL,Chile,Arica,-18.469673,-70.325305,Import
MGTMM,Tamatave,MDG,Madagascar,Tamatave,-18.152609,49.42559,Import
FJSUV,Suva,FJI,Fiji,Suva,-18.133078,178.423192,Import
AUBME,,AUS,Australia,Broome,-18.001981,122.218338,
MZUEL,Quelimane,MOZ,Mozambique,Quelimane,-17.880336,36.879572,
VUVLI,Port Vila,VUT,Vanuatu,Port Vila,-17.756185,168.299891,
FJLEV,Levuka,FJI,Fiji,Levuka,-17.685685,178.838034,
PEILQ,Ilo,PER,Peru,Ilo,-17.648401,-71.352204,Import
FJLTK,Lautoka,FJI,Fiji,Lautoka,-17.606053,177.437362,Import
AUMOU,,AUS,Australia,Mourilyan,-17.599942,146.124582,
PFPPT,Papeete,PYF,French Polynesia,Papeete,-17.53448,-149.581137,
AUKRB,,AUS,Australia,Karumba,-17.48824,140.834455,
PEMRI,Matarani,PER,Peru,Matarani,-16.99816,-72.106655,Import
AUCNS,Cairns,AUS,Australia,Cairns,-16.932583,145.780123,
MZMMW,,MOZ,Mozambique,Moma,-16.568776,39.648569,
FJLBS,Labasa (Lambasa),FJI,Fiji,Labasa,-16.359452,179.365849,
PEATI,,PER,Peru,Atico,-16.230768,-73.694614,
MZANO,,MOZ,Mozambique,Angoche,-16.207769,39.884944,
AUCTI,,AUS,Australia,Cockatoo Island,-16.102163,123.612751,
SHSHN,Jamestown,SHN,"Saint Helena, Ascension and Tristan da Cunha","Jamestown, SH",-15.918699,-5.711894,
AOPLE,,AGO,Angola,Porto Alexandre,-15.802565,11.828278,
MGMJN,Majunga (Mahajanga),MDG,Madagascar,Mahajanga,-15.727373,46.311539,
AUBBG,,AUS,Australia,Bing Bong,-15.628031,136.389328,
VUSAN,Santo,VUT,Vanuatu,Santo,-15.51585,167.188974,
AUCTN,,AUS,Australia,Cooktown,-15.459552,145.249484,
AUWYN,,AUS,Australia,Wyndham,-15.452253,128.100457,
AOMSZ,Namibe,AGO,Angola,Namibe,-15.190954,12.132228,
AUCQP,,AUS,Australia,Cape Flattery,-14.985699,145.354475,
BRIOS,,BRA,Brazil,Ilheus,-14.781105,-39.028333,
MZMNC,Nacala,MOZ,Mozambique,Nacala,-14.541813,40.664502,Import
ASPPG,Pago Pago,ASM,American Samoa,Pago Pago,-14.274499,-170.68477,
AUGTE,,AUS,Australia,Groote Eylandt,-13.860833,136.415,
WSAPW,Apia,WSM,Samoa,Apia,-13.825792,-171.76232,
PEGSM,General San Martin,PER,Peru,General San Martin,-13.803101,-76.290511,Import
MZPOL,Pemba,MOZ,Mozambique,Pemba,-12.967889,40.485787,
BRARB,Aratu,BRA,Brazil,Aratu,-12.779089,-38.497885,Import/Export
YTLON,,MYT,Mayotte,Longoni,-12.72254,45.164861,
AUWEI,Weipa,AUS,Australia,Weipa,-12.665833,141.8475,Import
AUDRW,Darwin,AUS,Australia,Darwin,-12.47243,130.84618,
AOLOB,Lobito,AGO,Angola,Lobito,-12.34834,13.554237,Import
MGDIE,Antsiranana (Diego Suarez),MDG,Madagascar,Diego Suarez,-12.270444,49.287755,
PECON,Conchan,PER,Peru,Conchan,-12.253725,-76.938579,Import
AUGOV,,AUS,Australia,Gove,-12.205911,136.668915,
KMMUT,Mutsamudu,COM,Comoros,"Mutsamudu, Anjouan",-12.167222,44.391944,
PECLL,Callao,PER,Peru,Callao,-12.045993,-77.14842,Import/Export
KMYVA,Moroni,COM,Comoros,Moroni,-11.703968,43.249465,
BRAJU,Aracaju,BRA,Brazil,Aracaju,-10.912035,-37.039096,Export
CXFFC,,CXR,Christmas Island,Flying Fish Cove,-10.42533,105.670636,
PGGUR,,PNG,Papua New Guinea,Alotau,-10.316408,150.454888,
TZMYW,Mtwara,TZA,United Republic of Tanzania,Mtwara,-10.267729,40.199019,
IDKOE,"Kupang, Timor",IDN,Indonesia,"Kupang, Timor",-10.196273,123.526548,
PEPLO,Punta Lobitos,PER,Peru,Punta Lobitos,-10.099456,-78.182339,Import
BRMCZ,Maceio,BRA,Brazil,Maceio,-9.680723,-35.72541,Import/Export
PGPOM,Port Moresby,PNG,Papua New Guinea,Port Moresby,-9.475405,147.14921,Import
SBHIR,Honiara,SLB,Solomon Islands,"Honiara, Guadalcanal Is",-9.429153,159.959397,
PECHM,Chimbote,PER,Peru,Chimbote,-9.077154,-78.611721,
SBXYA,"Yandina, Pavuvu Island",SLB,Solomon Islands,"Yandina, Russell Island",-9.075419,159.221239,
PGROR,,PNG,Papua New Guinea,Orobay,-8.896132,148.493835,
TLDIL,,TLS,Timor-Leste,Dili,-8.552245,125.573834,
IDBMU,,IDN,Indonesia,"Bima, Sb",-8.447385,118.712718,
BRSUA,Suape,BRA,Brazil,Suape,-8.394897,-34.955257,Import
IDLKA,,IDN,Indonesia,Larantuka,-8.342297,122.990306,
SBNOR,"Noro, New Georgia",SLB,Solomon Islands,"Noro, New Georgia",-8.234056,157.196576,
PESVY,Salaverry,PER,Peru,Salaverry,-8.227471,-78.983547,Import
NULL,Tanjung Wangi,IDN,Indonesia,Tanjung Wangi,-8.128751,114.400439,Import
BRREC,Recife,BRA,Brazil,Recife,-8.048013,-34.867189,Import/Export
AOAZZ,,AGO,Angola,Ambriz,-7.833736,13.103957,
IDCXP,Cilacap,IDN,Indonesia,Cilacap,-7.749552,109.009354,Import
IDPRO,"Probolinggo, Java",IDN,Indonesia,"Probolinggo, Java",-7.725988,113.220879,Import
IDGRE,"Gresik, Java",IDN,Indonesia,"Gresik, Java",-7.159859,112.668132,Import
BRCDO,Cabedelo,BRA,Brazil,Cabedelo,-6.976099,-34.8372,Import
IDPGA,,IDN,Indonesia,Pagerungan,-6.964115,115.927412,
IDSRG,Semarang,IDN,Indonesia,Semarang,-6.942684,110.421202,Import
TZDAR,Dar es Salaam,TZA,United Republic of Tanzania,Dar es Salaam,-6.82847,39.292681,Import
IDTBN,,IDN,Indonesia,"Tuban, Jv",-6.761878,111.95408,
PGLAE,Lae,PNG,Papua New Guinea,Lae,-6.741112,146.98366,Import
IDCBN,"Cirebon, Java",IDN,Indonesia,Cirebon (Tjeribon),-6.712158,108.571753,
IDBAL,,IDN,Indonesia,Balongan Terminal,-6.38218,108.40708,
PGKIE,Kieta,PNG,Papua New Guinea,Kieta,-6.217993,155.638869,
TZZNZ,,TZA,United Republic of Tanzania,Zanzibar,-6.155711,39.191843,
AOSZA,,AGO,Angola,Soyo,-6.125255,12.320745,
IDJKT,"Jakarta, Java",IDN,Indonesia,"Jakarta, Java",-6.101582,106.883705,Import
IDMRK,"Merak, Java",IDN,Indonesia,"Merak, Java",-5.969354,105.991496,Import
PEPUB,Bayovar,PER,Peru,Bayovar,-5.795355,-81.052352,Import
BRNAT,Natal,BRA,Brazil,Natal,-5.772569,-35.205694,Import
PGKIM,,PNG,Papua New Guinea,Kimbe,-5.548701,150.148611,
AOCAB,Cabinda,AGO,Angola,Cabinda,-5.547941,12.192419,
NULL,,PNG,Papua New Guinea,Basamuk,-5.540908,146.139691,
IDPNJ,Panjang,IDN,Indonesia,Panjang,-5.467175,105.316098,Import/Export
IDBUW,,IDN,Indonesia,Baubau,-5.453335,122.611627,
PGBUA,,PNG,Papua New Guinea,Buka,-5.432535,154.672434,
NULL,,TZA,United Republic of Tanzania,Mkoani,-5.359012,39.641381,
PGMAG,Madang,PNG,Papua New Guinea,Madang,-5.213814,145.799526,
IDMAK,Makassar,IDN,Indonesia,Makassar,-5.11445,119.408524,Import/Export
PEPAI,Paita,PER,Peru,Paita,-5.082771,-81.10898,Import
TZTGT,Tanga,TZA,United Republic of Tanzania,Tanga,-5.066176,39.104351,
BRARE,,BRA,Brazil,Areia Branca,-4.952494,-37.136361,
IDBIR,,IDN,Indonesia,Biringkassi,-4.815958,119.495491,
IDAMA,,IDN,Indonesia,"Amamapare, Ij",-4.802756,136.769169,
CGPNR,Pointe Noire,COG,Congo,Pointe Noire,-4.781297,11.832378,Import
SCPOV,Port Victoria,SYC,Seychelles,Port Victoria,-4.624036,55.462155,
PETYL,Talara,PER,Peru,Talara,-4.574109,-81.282278,
NULL,,IDN,Indonesia,Torobulu,-4.446639,122.457033,
PGRAB,Rabaul,PNG,Papua New Guinea,Rabaul,-4.202559,152.165759,
IDPUM,,IDN,Indonesia,"Pomalaa, Sulawesi",-4.174646,121.59721,
KEMBA,Mombasa,KEN,Kenya,Mombasa,-4.054639,39.646961,Import
NULL,,IDN,Indonesia,Mekar Putih,-4.029511,116.042531,
IDPAP,,IDN,Indonesia,Pare Pare,-4.002989,119.620621,
IDKDI,,IDN,Indonesia,"Kendari, Sulawesi",-3.974073,122.575997,
IDBKS,,IDN,Indonesia,"Bengkulu, Sumatra",-3.903091,102.304804,
IDSTU,Satui,IDN,Indonesia,Satui,-3.841436,115.427333,Import
BRFOR,Fortaleza,BRA,Brazil,Fortaleza,-3.70951,-38.474704,Import
IDAMQ,,IDN,Indonesia,"Ambon, Molucas",-3.693454,128.176494,
IDSEI,,IDN,Indonesia,Sebuku,-3.652971,116.36038,
PGWWK,,PNG,Papua New Guinea,Wewak,-3.568898,143.648054,
BRPEC,,BRA,Brazil,Pecem,-3.532056,-38.806605,
IDBDJ,Banjarmasin,IDN,Indonesia,Banjarmasin,-3.32941,114.556306,Import
NULL,,IDN,Indonesia,Molore,-3.310223,122.290738,
ECPBO,Puerto Bolivar,ECU,Ecuador,"Puerto Bolivar, EC",-3.2606,-80.002215,
IDTPN,,IDN,Indonesia,Tanjung Pemancingan,-3.205771,116.286615,
PGATP,,PNG,Papua New Guinea,Aitape,-3.143061,142.352693,
PGLNV,,PNG,Papua New Guinea,Lihir Island,-3.121527,152.647424,
IDPPO,,IDN,Indonesia,"Palapo, Sulawesi",-2.986428,120.207789,
IDPLM,"Palembang, Sumatra",IDN,Indonesia,"Palembang, Sumatra",-2.980934,104.781447,Import
IDTJQ,,IDN,Indonesia,Tanjung Pandan,-2.746521,107.628377,
IDMLI,,IDN,Indonesia,Malili,-2.643489,121.074086,
PGKVG,,PNG,Papua New Guinea,Kavieng,-2.584858,150.788358,
BRITQ,Itaqui,BRA,Brazil,Itaqui,-2.56918,-44.380466,Import/Export
IDSMQ,,IDN,Indonesia,"Sampit, Kalimantan",-2.541606,112.965206,
IDNTI,,IDN,Indonesia,Bintuni,-2.435534,133.126021,
ECGYE,Guayaquil,ECU,Ecuador,Guayaquil,-2.281667,-79.908333,Import
ECLLD,La Libertad,ECU,Ecuador,La Libertad,-2.216712,-80.906778,
IDPGX,,IDN,Indonesia,"Pangkal Balam, Banka",-2.097772,106.130486,
PGLOR,,PNG,Papua New Guinea,"Lorengau, Manus Island",-2.021131,147.271599,
IDADB,,IDN,Indonesia,Adang Bay,-1.816895,116.154473,
BRBEL,Belem,BRA,Brazil,Belem,-1.435519,-48.494416,Export
IDKAS,,IDN,Indonesia,"Kasim, Ij",-1.308964,131.024266,
IDBPN,Balikpapan,IDN,Indonesia,Balikpapan,-1.274023,116.80388,Import
NULL,,IDN,Indonesia,Tanjung Bakau,-1.135828,119.38786,
IDMSK,,IDN,Indonesia,Muara Sabak,-1.12585,103.85179,
IDTBR,Teluk Bayur,IDN,Indonesia,Teluk Bayur,-0.998418,100.373952,Export
IDLUW,,IDN,Indonesia,Luwuk,-0.94837,122.798306,
ECMEC,Manta,ECU,Ecuador,Manta,-0.931907,-80.719746,Import
IDSOQ,,IDN,Indonesia,Sorong,-0.889734,131.266926,
IDPTL,,IDN,Indonesia,"Pantoloan, Sv",-0.712182,119.855061,
MVHDO,,MDV,Maldives,Hithadhoo,-0.630096,73.110096,
NRINU,Nauru,NRU,Nauru,Nauru,-0.529364,166.908878,Import
SOKMU,Kismayu,SOM,Somalia,Kismayu,-0.38745,42.544074,Import
BRSAN,Santana,BRA,Brazil,Santana,-0.057865,-51.182209,Import/Export
IDPNK,,IDN,Indonesia,"Pontianak, Kalimantan",-0.021399,109.340762,
IDBXT,"Bontang, Kl",IDN,Indonesia,"Bontang, Kl",0.093611,117.478577,Import
GAOWE,Owendo,GAB,Gabon,Owendo,0.282555,9.504992,Import
STTMS,Sao Tome,STP,Sao Tome and Principe,Sao Tome Island,0.347375,6.736784,
IDTBA,"Tanjung Bara, Kl",IDN,Indonesia,"Tanjung Bara, Kl",0.533288,117.661656,Import
NULL,Lubuk Tutung,IDN,Indonesia,Lubuk Tutung,0.759614,117.760512,Import
IDTTE,,IDN,Indonesia,"Ternate, Halmahera",0.764264,127.376215,
IDTBU,,IDN,Indonesia,Tanjung Buli,0.837091,128.257695,
NULL,,IDN,Indonesia,Anggrek,0.859482,122.795147,
IDKID,,IDN,Indonesia,Kijang,0.863835,104.61318,
IDTNJ,,IDN,Indonesia,"Tanjung Pinang, Riau",0.904925,104.435773,
ECESM,Esmeraldas,ECU,Ecuador,Esmeraldas,0.991204,-79.647308,
IDITN,,IDN,Indonesia,Tanjung Uban,1.072532,104.211312,
IDOKA,,IDN,Indonesia,Karimun Besar Offshore,1.077856,103.308211,
IDSKP,,IDN,Indonesia,Sekupang,1.119274,103.917733,
IDTZD,,IDN,Indonesia,Amurang,1.193132,124.555198,
SGSIN,Singapore,SGP,Singapore,Singapore,1.268481,103.751366,Import
MYTPP,Tanjung Pelepas,MYS,Malaysia,Tanjung Pelepas,1.35317,103.546397,Import
KITRW,Betio (Tarawa),KIR,Kiribati,Tarawa,1.365189,172.933958,
IDBIT,,IDN,Indonesia,"Bitung, Sulawesi",1.440604,125.199856,
MYSEJ,Sejingkat,MYS,Malaysia,Sejingkat,1.615085,110.453658,Import
IDDUM,"Dumai, Sumatra",IDN,Indonesia,"Dumai, Sumatra",1.687268,101.467981,Export
IDSLG,,IDN,Indonesia,"Sibolga, Sumatra",1.734241,98.777767,
COTCO,Tumaco,COL,Colombia,Tumaco,1.818156,-78.729854,
GQBSG,Bata,GNQ,Equatorial Guinea,Bata,1.82466,9.739916,
KICXI,,KIR,Kiribati,Kiritimati,2.006431,-157.488153,
SOMGQ,Mogadishu,SOM,Somalia,Mogadishu,2.025006,45.337079,Import
IDMPN,Muara Pantai,IDN,Indonesia,Muara Pantai,2.026907,117.876357,Import
MYTMP,Tanjung Manis,MYS,Malaysia,Tanjung Manis,2.149193,111.338449,Import
MYMKZ,,MYS,Malaysia,Malacca,2.213186,102.151512,
MYPDI,Port Dickson,MYS,Malaysia,Port Dickson,2.533305,101.779016,
MYPKG,Port Klang (Pelabuhan Klang),MYS,Malaysia,Port Klang (Pelabuhan Klang),2.991159,101.3934,Import
IDTRK,,IDN,Indonesia,"Tarakan, Kalimantan",3.289507,117.585242,
IDKTJ,Kualatanjung,IDN,Indonesia,Kualatanjung,3.381155,99.465438,Import
IDBYQ,,IDN,Indonesia,Bunyu,3.458721,117.831651,
GQLUB,,GNQ,Equatorial Guinea,Luba,3.463014,8.553801,
GQSSG,Malabo (Rey Malabo),GNQ,Equatorial Guinea,Malabo,3.763218,8.779677,
IDBLW,"Belawan, Sumatra",IDN,Indonesia,"Belawan, Sumatra",3.780882,98.681134,Import
COBUN,Buenaventura,COL,Colombia,Buenaventura,3.89457,-77.068107,Import
MYKUA,Kuantan (Tanjong Gelang),MYS,Malaysia,Kuantan,3.974005,103.422015,
CMDLA,Douala,CMR,Cameroon,Douala,4.043806,9.679624,Import
IDPKS,,IDN,Indonesia,"Pangkalan Susu, Sumatra",4.119601,98.206386,
IDMEQ,,IDN,Indonesia,"Meulaboh, Sumatra",4.127214,96.13246,
IDNNX,,IDN,Indonesia,Nunukan,4.147469,117.667367,
MYTWU,"Tawau, Sabah",MYS,Malaysia,"Tawau, Sabah",4.242348,117.877385,Import
MYKEM,Kemaman,MYS,Malaysia,Kemaman,4.247558,103.467697,Import
MYLUM,"Lumut, MY",MYS,Malaysia,"Lumut, MY",4.25273,100.656761,Import
LRHAR,,LBR,Liberia,Harper,4.366665,-7.7295041,
NGBON,Bonny,NGA,Nigeria,Bonny,4.425509,7.145457,Import
IDKUA,,IDN,Indonesia,Kualalangsa,4.523905,98.021251,
MYKET,,MYS,Malaysia,Kerteh,4.590866,103.463521,
MYKUN,,MYS,Malaysia,"Kunak, Sabah",4.698852,118.25725,
CISPY,,CIV,Côte d'Ivoire,San-Pedro,4.740009,-6.617742,
GFDDC,,GUF,French Guiana,Degrad des Cannes,4.853317,-52.27472,
GHTKD,Takoradi,GHA,Ghana,Takoradi,4.884167,-1.741389,Import
NGCBQ,Calabar,NGA,Nigeria,Calabar,4.973278,8.32249,Import
LRGRE,Greenville,LBR,Liberia,Greenville,4.98812,-9.04382,
MYLDU,"Lahad Datu, Sabah",MYS,Malaysia,"Lahad Datu, Sabah",5.015928,118.35465,Import
MYSPT,,MYS,Malaysia,"Sipitang, Sabah",5.042931,115.510999,
MYSHB,,MYS,Malaysia,Sahabat,5.068547,119.074041,
GFQKR,,GUF,French Guiana,Kourou,5.150142,-52.668087,
IDLSW,,IDN,Indonesia,Lhokseumawe,5.222303,97.106147,
MYLBU,"Labuan, Sabah",MYS,Malaysia,"Labuan, Sabah",5.250355,115.248741,Import
CIABJ,Abidjan,CIV,Côte d'Ivoire,Abidjan,5.289951,-4.019947,Import
MYPEN,Penang,MYS,Malaysia,Penang,5.4135942,100.3563309,Import
IDLHK,,IDN,Indonesia,Lhoknga,5.451633,95.23906,
IDMLH,,IDN,Indonesia,Malahayati,5.598212,95.52501,
SRPRM,Paranam,SUR,Suriname,Paranam,5.612488,-55.088735,
GHTEM,Tema,GHA,Ghana,Tema,5.630132,0.010492,Import
MYSDK,"Sandakan, Sabah",MYS,Malaysia,"Sandakan, Sabah",5.807364,118.079173,
SRPBM,Paramaribo,SUR,Suriname,Paramaribo,5.811777,-55.16572,
LRUCN,Buchanan,LBR,Liberia,"Buchanan, LR",5.857732,-10.051214,
IDSBG,,IDN,Indonesia,"Sabang, Sumatra",5.885568,95.315412,
NGKOK,Koko,NGA,Nigeria,Koko,5.998206,5.459432,Import
LKGAL,,LKA,Sri Lanka,Galle,6.032464,80.229753,
PHGES,,PHL,Philippines,General Santos,6.081056,125.15794,
MYSEP,,MYS,Malaysia,"Sepang, Selangor",6.087563,116.1245,
LKHBA,,LKA,Sri Lanka,Hambantota,6.124758,81.104303,
TGLFW,Lome,TGO,Togo,Lome,6.137542,1.288141,Import
GYNAM,,GUY,Guyana,New Amsterdam,6.197754,-57.526092,
LRMLW,Monrovia,LBR,Liberia,Monrovia,6.342193,-10.798491,Import
BJCOO,Cotonou,BEN,Benin,Cotonou,6.347171,2.427798,Import
NGLOS,Lagos,NGA,Nigeria,Lagos,6.431828,3.365736,Import
MYLGK,,MYS,Malaysia,Langkawi,6.436331,99.75668,
PHZAM,"Zamboanga, Mindanao",PHL,Philippines,Zamboanga,6.902306,122.071647,
LKCMB,Colombo,LKA,Sri Lanka,Colombo,6.943501,79.846916,Import
PHMXI,,PHL,Philippines,"Mati, Mindanao",6.948113,126.218467,
PHDVO,"Davao, Mindanao",PHL,Philippines,"Davao, Mindanao",7.11671,125.660434,Import
THSGZ,Songkhla,THA,Thailand,Songkhla,7.214685,100.580817,
PWROR,,PLW,Palau,Koror,7.330389,134.457995,
SLSBO,,SLE,Sierra Leone,Sherbro,7.530242,-12.500228,
THHKT,Phuket,THA,Thailand,Phuket,7.820715,98.405654,
LKPTL,,LKA,Sri Lanka,Puttalam,8.022236,79.714579,
THKBV,,THA,Thailand,Krabi,8.071892,98.739403,
PHIGN,"Iligan, Mindanao",PHL,Philippines,"Iligan, Mindanao",8.232158,124.23181,Import
VEMTV,Matanzas,VEN,Venezuela (Bolivarian Republic of),"Matanzas, VE",8.285439,-62.847028,
VEPZO,,VEN,Venezuela (Bolivarian Republic of),Puerto Ordaz,8.340869,-62.717389,
PHRTB,,PHL,Philippines,Rio Tuba,8.493635,117.44723,
PHCGY,"Cagayan de Oro, Mindanao",PHL,Philippines,"Cagayan de Oro, Mindanao",8.495293,124.663618,
LKTRR,Trincomalee,LKA,Sri Lanka,Trincomalee,8.561482,81.207485,Import
SLPEP,Pepel,SLE,Sierra Leone,Pepel,8.56981,-13.060459,
CRGLF,Golfito,CRI,Costa Rica,Golfito,8.635851,-83.16666,
INTUT,Tuticorin,IND,India,Tuticorin,8.750613,78.216464,Import
PHGIN,,PHL,Philippines,Gingoog/Masao,8.830886,125.098947,
PACHG,,PAN,Panama,Chiriqui Grande,8.950329,-82.112698,
PAPCN,Panama Canal,PAN,Panama,Panama Canal,9.0077895,-79.6023846,Import
PHLZB,,PHL,Philippines,Lazi,9.116881,123.654391,
NULL,,PHL,Philippines,Tubay,9.184575,125.527816,
THKHA,,THA,Thailand,Khanom,9.207669,99.88162,
NULL,,PHL,Philippines,Narra,9.243795,118.407979,
PAPAM,,PAN,Panama,Almirante,9.287986,-82.389218,
PHDGT,,PHL,Philippines,Dumaguete,9.313043,123.311538,
COCVE,,COL,Colombia,Covenas,9.412399,-75.689958,
GNCKY,Conakry,GIN,Guinea,Conakry,9.519102,-13.716952,Import
PHTTO,,PHL,Philippines,Taganito,9.548212,125.817402,
PHGHE,,PHL,Philippines,Garcia Hernandez,9.614856,124.307618,
PHTAG,,PHL,Philippines,"Tagbilaran, Bohol",9.650815,123.845459,
PHSUG,,PHL,Philippines,"Surigao, Mindanao",9.780595,125.499815,
CRCAL,"Caldera, CR",CRI,Costa Rica,"Caldera, CR",9.912837,-84.720583,Import
INCOK,Cochin,IND,India,Cochin,9.966918,76.271089,
CRPMN,,CRI,Costa Rica,Puerto Moin,10.00485,-83.078424,
THUNN,,THA,Thailand,Ranong,10.00642,98.606896,
CRPUM,,CRI,Costa Rica,Punta Morales,10.063769,-84.970183,
VNVCA,,VNM,Viet Nam,Can Tho,10.088387,105.734157,
VEJOT,,VEN,Venezuela (Bolivarian Republic of),Jose Terminal,10.089816,-64.875699,
PHCDN,,PHL,Philippines,Cagdianao,10.151641,125.668044,
VEPCZ,Puerto La Cruz,VEN,Venezuela (Bolivarian Republic of),Puerto La Cruz,10.24173,-64.630989,
NULL,,COL,Colombia,Puerto Bahia,10.289437,-75.537606,
PHCEB,Cebu,PHL,Philippines,Cebu,10.30056,123.913234,Import
VNSAD,,VNM,Viet Nam,Sa Dec,10.320668,105.757051,
PHTLD,Toledo/Cebu,PHL,Philippines,Toledo/Cebu,10.390996,123.636887,Import
TTPTS,Point Lisas,TTO,Trinidad and Tobago,Point Lisas,10.401677,-61.494035,Import
SOBBO,Berbera,SOM,Somalia,Berbera,10.438777,44.996578,Import
VEPSU,,VEN,Venezuela (Bolivarian Republic of),Puerto Sucre,10.460445,-64.193128,
VEPBL,Puerto Cabello,VEN,Venezuela (Bolivarian Republic of),Puerto Cabello,10.48209,-67.998641,Import
VNPHU,Phu My,VNM,Viet Nam,Phu My,10.586035,107.027414,Import
VELAG,La Guaira,VEN,Venezuela (Bolivarian Republic of),La Guaira,10.601453,-66.940942,
GNKMR,Port Kamsar,GIN,Guinea,Port Kamsar,10.641493,-14.629783,Import
KHKOS,Kompongsom (also known as:),KHM,Cambodia,Sihanoukville,10.648668,103.509892,
VECUP,,VEN,Venezuela (Bolivarian Republic of),Carupano,10.676114,-63.244306,
PHILO,Iloilo,PHL,Philippines,"Iloilo, Panay",10.687833,122.581506,
PHBCD,,PHL,Philippines,"Bacolod, Negros",10.695575,122.931789,
VEETV,,VEN,Venezuela (Bolivarian Republic of),El Tablazo/Maracaibo L,10.753139,-71.545251,
INKRK,,IND,India,Karaikal,10.832526,79.849176,
PHISL,Isabel,PHL,Philippines,Isabel,10.900588,124.432089,Import
COBAQ,Barranquilla,COL,Colombia,Barranquilla,10.963591,-74.75833,Import
PHORC,,PHL,Philippines,Ormoc/Tacloban,11.001508,124.605796,
PHTLS,,PHL,Philippines,Tolosa/Tacloban,11.029939,125.042447,
COCIE,Cienaga,COL,Colombia,Cienaga,11.072103,-74.219179,Import
INBEY,,IND,India,Beypore,11.165601,75.807221,
THPPC,,THA,Thailand,Prachuap Port,11.201717,99.582895,
NULL,Puerto Brisa,COL,Colombia,Puerto Brisa,11.268217,-73.382432,Import
PHCSI,,PHL,Philippines,Culasi,11.601752,122.709067,
DJJIB,Djibouti,DJI,Djibouti,Djibouti,11.606137,43.134697,Import
VEGUA,,VEN,Venezuela (Bolivarian Republic of),Guaranao,11.668935,-70.216769,
INIXZ,,IND,India,Port Blair,11.685016,92.720472,
GWOXB,,GNB,Guinea-Bissau,Bissau,11.857659,-15.575363,
VNCRB,,VNM,Viet Nam,Camranh,11.894016,109.147324,
PHSMR,Semirara,PHL,Philippines,Semirara,12.055802,121.358455,Import
CWEMM,,CUW,Curaçao,Emmastad,12.118237,-68.929276,
CWBUB,,CUW,Curaçao,Bullenbaai,12.187519,-69.023451,
NIPSN,Puerto Sandino,NIC,Nicaragua,Puerto Sandino,12.201715,-86.764405,
VNNHA,Nha Trang,VNM,Viet Nam,Nha Trang,12.203993,109.217069,
BQBON,,BES,"Bonaire, Sint Eustatius and Saba",Bonaire Terminal,12.219104,-68.382246,
COPBO,"Puerto Bolivar, CO",COL,Colombia,"Puerto Bolivar, CO",12.257588,-71.960324,Import
AWSNL,,ABW,Aruba,"San Nicolas, AW",12.435373,-69.929476,
NICIO,Corinto,NIC,Nicaragua,Corinto,12.48303,-87.166486,Import
VNVPH,,VNM,Viet Nam,Van Phong,12.496164,109.289601,
THSAT,Sattahip,THA,Thailand,Sattahip,12.625653,100.912431,
THMTP,,THA,Thailand,Ban Map Ta Phut,12.652323,101.150545,
YEADE,Aden,YEM,Yemen,Aden,12.765193,44.918825,Import
VNVRO,,VNM,Viet Nam,Vung Ro,12.867927,109.408489,
INNML,New Mangalore,IND,India,New Mangalore,12.926188,74.813554,Import
ERASA,,ERI,Eritrea,Assab,13.000718,42.749054,
BBBGI,Bridgetown,BRB,Barbados,Bridgetown,13.104312,-59.631346,Import
INMAA,Chennai (Madras),IND,India,Chennai,13.108352,80.302584,
THKSI,Koh Sichang,THA,Thailand,Koh Sichang,13.139251,100.825416,Import/Export
PHLIC,,PHL,Philippines,Legaspi,13.146153,123.759244,
VCCRP,Campden Park,VCT,Saint Vincent and the Grenadines,Campden Park,13.169326,-61.249306,Import
YEMOK,Mokha,YEM,Yemen,Mokha,13.313137,43.230014,
SVLUN,,SLV,El Salvador,La Union,13.334473,-87.818953,
PHTBC,,PHL,Philippines,Tabaco/Legaspi,13.361429,123.737718,
HNSLO,San Lorenzo,HND,Honduras,"San Lorenzo, HN",13.401414,-87.42289,
GMBJL,Banjul,GMB,Gambia,Banjul,13.442721,-16.570854,Import
GUAPR,Apra (Agana),GUM,Guam,Apra,13.455813,144.64503,
THBGP,,THA,Thailand,Bangpakong,13.496408,100.974419,
SVAQJ,Acajutla,SLV,El Salvador,Acajutla,13.575159,-89.839708,Import
THBKK,Bangkok,THA,Thailand,Bangkok,13.690215,100.589591,Export
LCVIF,Vieux Fort,LCA,Saint Lucia,Vieux Fort,13.721573,-60.953411,Import
PHBTG,Batangas/Luzon,PHL,Philippines,Batangas/Luzon,13.760415,121.041443,Import
VNUIH,,VNM,Viet Nam,Qui Nhon,13.778315,109.247999,
NULL,Sariaya,PHL,Philippines,Sariaya,13.874245,121.57561,Import
PHPGB,,PHL,Philippines,Pagbilao,13.892649,121.741098,
GTSNJ,San Jose,GTM,Guatemala,San Jose,13.911357,-90.852258,Import
PHHON,,PHL,Philippines,Hondagua/Siain,13.942409,122.237949,
LCCDS,,LCA,Saint Lucia,Cul de Sac,13.984954,-61.018211,
INKRI,,IND,India,Krishnapatnam,14.252231,80.118149,
PHBTN,,PHL,Philippines,"Bataan, Mariveles",14.50865,120.617304,
YEMKX,Mukalla,YEM,Yemen,Mukalla,14.521242,49.149035,Import
MQFDF,Fort-de-France,MTQ,Martinique,Fort-de-France,14.593339,-61.053332,Import
PHMNL,Manila,PHL,Philippines,Manila,14.635117,120.946205,Import
SNDKR,Dakar,SEN,Senegal,Dakar,14.680852,-17.426052,Import
MXPMD,Puerto Chiapas,MEX,Mexico,Puerto Chiapas,14.708812,-92.402233,Import
INKRW,,IND,India,Karwar,14.799915,74.114512,
PHSFS,Subic Bay,PHL,Philippines,Subic Bay,14.80981,120.295208,Import
YEHOD,Hodeidah,YEM,Yemen,Hodeidah,14.837096,42.937006,Import
CVRAI,,CPV,Cabo Verde,Praia,14.911545,-23.501135,
NULL,,CPV,Cabo Verde,Porto Vale de Cavaleiros,14.919854,-24.503619,
MPTIQ,,MNP,Northern Mariana Islands,Tinian,14.964836,145.620374,
MPSPN,Saipan,MNP,Northern Mariana Islands,Saipan,15.226766,145.734059,
NULL,,DMA,Dominica,Woodbridge Bay,15.311139,-61.389869,
YESAL,Saleef Port,YEM,Yemen,Saleef Port,15.317203,42.672013,Import
VNDQT,,VNM,Viet Nam,Dung Quat,15.413787,108.796289,
INMRM,,IND,India,Marmagao (Marmugao),15.414446,73.797441,
PHMSC,,PHL,Philippines,Masinloc/Sual,15.556828,119.929125,
ERMSW,Massawa (Mitsiwa),ERI,Eritrea,Massawa (Mitsiwa),15.611986,39.4749284,Import
GTPBR,Puerto Barrios,GTM,Guatemala,Puerto Barrios,15.735107,-88.60856,
HNLCE,La Ceiba,HND,Honduras,La Ceiba,15.792541,-86.760929,
YENIS,,YEM,Yemen,Nishtun,15.820046,52.197274,
HNPCR,Puerto Cortes,HND,Honduras,Puerto Cortes,15.842627,-87.947217,Import
GPBBR,Basse-Terre,GLP,Guadeloupe,Basse-Terre,15.996533,-61.733974,Import
HNPCA,Puerto Castilla,HND,Honduras,Puerto Castilla,16.005133,-85.9685,
VNDAD,Danang,VNM,Viet Nam,Da Nang,16.11884,108.213589,
PHSUA,,PHL,Philippines,Sual,16.126063,120.104299,
MXSCX,Salina Cruz,MEX,Mexico,Salina Cruz,16.16636,-95.196665,Import
CVSAR,,CPV,Cabo Verde,Sal Rei,16.177639,-22.924494,
GPPTP,Pointe-a-Pitre,GLP,Guadeloupe,Pointe-a-Pitre,16.239446,-61.539849,
VNCMY,,VNM,Viet Nam,Chan May Port,16.332685,108.016701,
BZBGK,,BLZ,Belize,Big Creek,16.514671,-88.405138,
VNTHU,,VNM,Viet Nam,Thuan An,16.553185,107.641505,
INVYD,,IND,India,Vijaydurg,16.556184,73.338166,
PHPRO,,PHL,Philippines,Poro/San Fernando,16.610245,120.29813,
MMTLA,Thilawa,MMR,Myanmar,Thilawa,16.664228,96.249584,Import
CVPAL,,CPV,Cabo Verde,Palmeira,16.753403,-22.981597,
SAGIZ,Jizan,SAU,Saudi Arabia,Jizan,16.888179,42.532932,Import
CVVXE,Sao Vincent,CPV,Cabo Verde,Sao Vincent,16.889006,-24.999156,Import
INRNR,,IND,India,Ranpar,16.89037,73.281603,
VNCUV,,VNM,Viet Nam,Cua Viet Port,16.904065,107.188801,
OMSLL,Salalah,OMN,Oman,Salalah,16.942323,54.005773,Import
INKAK,Kakinada,IND,India,Kakinada,16.967875,82.282636,Import/Export
NULL,,KNA,Saint Kitts and Nevis,Long Point,17.108875,-62.624086,
AGSJO,,ATG,Antigua and Barbuda,St. Johns,17.122205,-61.850848,
KNBAS,Basseterre,KNA,Saint Kitts and Nevis,"Basseterre, Saint Kitts",17.286803,-62.710569,
INJGD,,IND,India,Jaigad,17.304577,73.20631,
BZBZE,Belize City,BLZ,Belize,Belize City,17.474145,-88.20068,Import
BQEUX,,BES,"Bonaire, Sint Eustatius and Saba",Sint Eustatius,17.49499,-63.00513,
INDHP,,IND,India,Dabhol Port,17.527736,73.140645,
VISTX,,VIR,United States Virgin Islands,Saint Croix,17.691234,-64.745765,
INVTZ,Visakhapatnam,IND,India,Visakhapatnam,17.691873,83.298818,Import
JMPKS,,JAM,Jamaica,Port Kaiser,17.860046,-77.603946,
JMPEV,Port Esquivel,JAM,Jamaica,Port Esquivel,17.890259,-77.129885,Import
DOCBJ,,DOM,Dominican Republic,Cabo Rojo,17.927025,-71.658769,
PRLAM,Las Mareas,PRI,Puerto Rico,Las Mareas,17.935505,-66.158374,
MXLZC,Lazaro Cardenas,MEX,Mexico,Lazaro Cardenas,17.937881,-102.178027,Import
NULL,,PHL,Philippines,Onri,17.978386,120.475654,
JMKIN,Kingston,JAM,Jamaica,Kingston,17.981813,-76.830506,Import
MRNKC,Nouakchott,MRT,Mauritania,Nouakchott,17.987818,-16.033787,Import
PRGUY,Guayanilla,PRI,Puerto Rico,Guayanilla,18.004378,-66.766346,
SXPHI,,SXM,Sint Maarten (Dutch Part),Philipsburg,18.0085,-63.044676,
VNVAG,Vung Ang,VNM,Viet Nam,Vung Ang,18.110573,106.406899,Import
MXCOA,Coatzacoalcos,MEX,Mexico,Coatzacoalcos,18.12821,-94.402661,Import
JMPOT,Port Antonio,JAM,Jamaica,Port Antonio,18.182518,-76.453868,
HTACA,,HTI,Haiti,Les Cayes,18.189573,-73.748331,
DOBRX,Barahona,DOM,Dominican Republic,Barahona,18.207091,-71.089965,Import
INDIG,,IND,India,Dighi (Pune),18.276941,72.969729,
VISTT,"Charlotte Amalie,St. Thomas",VIR,United States Virgin Islands,Saint Thomas,18.333039,-64.923315,
DOPVA,,DOM,Dominican Republic,Puerto Viejo de Azua,18.344437,-70.836572,
JMOCJ,Ocho Rios,JAM,Jamaica,Ocho Rios,18.410622,-77.114204,
DOLRM,La Romana,DOM,Dominican Republic,La Romana,18.416307,-68.959599,
DOHAI,Rio Haina,DOM,Dominican Republic,Rio Haina,18.422151,-70.018356,Import
VGRAD,,VGB,British Virgin Islands,"Road Town, Tortola",18.424126,-64.610789,
DOCAU,,DOM,Dominican Republic,Caucedo,18.42783,-69.629479,
PRSJU,"San Juan, PR",PRI,Puerto Rico,"San Juan, PR",18.434585,-66.098477,Import
MXDBT,,MEX,Mexico,Dos Bocas Terminal,18.435105,-93.185372,
DOBCC,,DOM,Dominican Republic,Boca Chica,18.441395,-69.629595,
HTMIR,,HTI,Haiti,Miragoane,18.444881,-73.091507,
DOSPM,San Pedro De Macoris,DOM,Dominican Republic,San Pedro De Macoris,18.447357,-69.311099,Import
JMMBJ,Montego Bay,JAM,Jamaica,Montego Bay,18.459863,-77.936849,
JMPRH,,JAM,Jamaica,Port Rhoades,18.4625,-77.410833,
MXFRN,,MEX,Mexico,Frontera,18.530907,-92.654822,
INRVD,,IND,India,Revdanda,18.538357,72.925985,
HTPAP,Port-au-Prince,HTI,Haiti,Port-au-Prince,18.555649,-72.352499,Import
MXCME,,MEX,Mexico,Ciudad del Carmen,18.649246,-91.845641,
MXAVD,,MEX,Mexico,Alvarado,18.769474,-95.768191,
VNCLO,,VNM,Viet Nam,Culao,18.829969,105.710358,
INNSA,Nhava Sheva (Jawaharlal Nehru),IND,India,Jawaharlal Nehru (Nhava Sheva),18.949617,72.94588,
MXZLO,"Manzanillo, MX",MEX,Mexico,"Manzanillo, MX",19.060837,-104.295119,Import
CNBSP,,CHN,"China, mainland",Basuo,19.10579,108.619183,
SDSSD,,SDN,Sudan,Sawakin,19.117469,37.343645,
MXVER,Veracruz,MEX,Mexico,Veracruz,19.207408,-96.132832,Import
UNAWK,,UMI,US Minor Is.,Wake Island,19.290424,166.618258,
KYGEC,"Georgetown, Grand Cayman",CYM,Cayman Islands,"Georgetown, Grand Cayman",19.296702,-81.385993,
VNNGH,,VNM,Viet Nam,Nghi Son,19.307644,105.81991,
INGPR,,IND,India,Gopalpur,19.308595,84.963434,
SDMBH,,SDN,Sudan,Marsa Bashayer,19.393471,37.312242,
SDPZU,Port Sudan,SDN,Sudan,Port Sudan,19.610752,37.229974,Import
OMDQM,,OMN,Oman,Duqm,19.669456,57.717073,
DOMAN,,DOM,Dominican Republic,"Manzanillo, DO",19.709558,-71.742601,
CNYGP,,CHN,"China, mainland",Yangpu,19.728756,109.198788,
HTCAP,,HTI,Haiti,Cap-Haitien,19.758059,-72.196494,
DOPOP,Puerto Plata,DOM,Dominican Republic,Puerto Plata,19.801667,-70.7,Import
CUGUB,,CUB,Cuba,Guantanamo Bay,19.918003,-75.152467,
INDHU,,IND,India,Dahanu,19.963073,72.739193,
CUSCU,Santiago de Cuba,CUB,Cuba,Santiago de Cuba,19.99873,-75.867402,Import
CUNIQ,,CUB,Cuba,Niquero,20.025251,-77.626731,
CNHIG,,CHN,"China, mainland",Haikou,20.036176,110.278807,
INPRT,Paradip,IND,India,Paradip,20.265307,86.674327,Import
CUBCA,,CUB,Cuba,Baracoa,20.35119,-74.501464,
MXPVN,,MEX,Mexico,Punta Venado,20.572752,-87.127519,
CUMOA,,CUB,Cuba,Moa,20.656167,-74.909159,
CUGYB,,CUB,Cuba,Guayabal,20.682844,-77.62003,
INMDK,,IND,India,Mul Dwarka,20.755368,70.666129,
INDMQ,Dhamra Port,IND,India,Dhamra Port,20.821067,86.971079,Import
CUANT,,CUB,Cuba,Antilla,20.825259,-75.744652,
MRNDB,Nouadhibou,MRT,Mauritania,Nouadhibou,20.897856,-17.050324,
USOGG,,USA,United States of America,Kahului HI,20.898322,-156.471686,
INPAV,Pipavav,IND,India,Pipavav,20.91683,71.50837,Import
MXTUX,Tuxpan,MEX,Mexico,Tuxpan,20.9465,-97.396793,Import
VNCPH,,VNM,Viet Nam,Cam Pha,21.00602,107.3603,
CUVIT,,CUB,Cuba,Puerto da Vita,21.077717,-75.952517,
INHZR,,IND,India,Hazira,21.084914,72.62541,
CNZNG,Zhanjiang Pt,CHN,"China, mainland",Zhanjiang,21.173324,110.409484,Import
CUPPA,Puerto Padre,CUB,Cuba,Puerto Padre,21.229335,-76.542324,Import
USNAX,Barbers Point (Oahu),USA,United States of America,Barbers Point (Oahu),21.324465,-158.118871,Export
MXPGO,Progreso,MEX,Mexico,Progreso,21.340667,-89.67769,Import
CUMNT,,CUB,Cuba,Puerto Manati,21.357322,-76.822751,
USPEA,,USA,United States of America,Pearl Harbor,21.364231,-157.943946,
CNBIH,,CHN,"China, mainland",Beihai,21.45487,109.043345,
SAJED,Jeddah,SAU,Saudi Arabia,Jeddah,21.46686,39.156719,Import
CNBHT,Tieshan,CHN,"China, mainland",Tieshan,21.470333,109.528772,Import
CNSDG,,CHN,"China, mainland",Shuidong,21.477523,111.074369,
CUNVT,Nuevitas,CUB,Cuba,Nuevitas,21.568152,-77.243571,
CUPAL,,CUB,Cuba,Palo Alto,21.582871,-78.971388,
CNFAN,Fangcheng Pt,CHN,"China, mainland",Fangcheng,21.598091,108.325511,Import
INPBD,,IND,India,Porbandar,21.623409,69.589351,
INDAH,Dahej,IND,India,Dahej,21.699684,72.507819,Import
CNYJI,Yangjiang Pt,CHN,"China, mainland",Yangjiang,21.703412,111.815216,Import
TCPLS,Providenciales,TCA,Turks and Caicos Islands,Providenciales,21.739619,-72.280333,
INHAL,Haldia,IND,India,Haldia,22.027883,88.096399,Import
CUCFG,Cienfuegos,CUB,Cuba,Cienfuegos,22.139789,-80.45634,Import
MXTAM,Tampico,MEX,Mexico,Tampico,22.213724,-97.867737,
BDCGP,Chattogram (ex. Chittagong),BGD,Bangladesh,Chattogram (ex. Chittagong),22.309269,91.804041,Import
HKHKG,Hong Kong,HKG,"China, Hong Kong SAR",Hong Kong,22.323741,114.112941,Import
CNXIN,Xinhui Pt,CHN,"China, mainland",Xinhui,22.443938,113.042767,Import
INOKH,,IND,India,Okha,22.473099,69.083909,
MXATM,Altamira,MEX,Mexico,Altamira,22.477948,-97.886521,Import
BDMGL,Mongla,BGD,Bangladesh,Mongla,22.49023,89.590304,
INSIK,,IND,India,Sikka,22.498253,69.838727,
CNYTN,Yantian Pt,CHN,"China, mainland",Yantian,22.571736,114.266578,Import
TWKHH,Kaohsiung,TWN,"China, Taiwan Province of",Kaohsiung,22.578107,120.300767,Import
OMQAL,,OMN,Oman,Qalhat,22.661413,59.422588,
CNHUI,,CHN,"China, mainland",Huizhou,22.695105,114.56339,
SARAB,Rabigh,SAU,Saudi Arabia,Rabigh,22.7425,38.999167,
CNSWE,,CHN,"China, mainland",Shanwei,22.779415,115.343626,
TWYAN,,TWN,"China, Taiwan Province of",Yung-An,22.817564,120.193935,
CUMAR,Mariel,CUB,Cuba,Mariel,22.996474,-82.75276,Import
INIXY,Deendayal (ex. Kandla),IND,India,Deendayal (ex. Kandla),23.031663,70.223525,Import/Export
CUQMA,Matanzas,CUB,Cuba,"Matanzas, CU",23.063657,-81.536732,
CUHAV,La Habana,CUB,Cuba,La Habana,23.124917,-82.34918,Import
MXMZT,Mazatlan,MEX,Mexico,Mazatlan,23.190538,-106.415199,
INJAK,,IND,India,Jakhau,23.243947,68.605674,
CNSTG,Shantou Pt,CHN,"China, mainland",Shantou,23.351088,116.71906,Import
CNNAN,,CHN,"China, mainland",Nanao,23.413213,117.026027,
CNCOZ,Chaozhou Pt,CHN,"China, mainland",Chaozhou,23.563379,117.131298,Import
OMSTQ,Mina Sultan Qaboos,OMN,Oman,Mina Sultan Qaboos,23.625337,58.568607,Import
EHVIC,,ESH,Western Sahara,Ad Dakhla,23.66162,-15.944454,
CNGLE,,CHN,"China, mainland",Gulei,23.7305,117.579332,
TWMLI,,TWN,"China, Taiwan Province of",Mai-liao,23.790919,120.179349,
TWHUN,Hualien,TWN,"China, Taiwan Province of",Hualien,23.985671,121.63233,
SAYNB,Yanbu al-Bahr,SAU,Saudi Arabia,Yanbu al-Bahr,24.075532,38.066839,Import
AERUW,,ARE,United Arab Emirates,Ruwais,24.167249,52.721242,
MXPIC,,MEX,Mexico,Pichilingue,24.276102,-110.330174,
TWTXG,Taichung,TWN,"China, Taiwan Province of",Taichung,24.28347,120.516967,Import
TWHOP,,TWN,"China, Taiwan Province of",Hoping,24.300907,121.757713,
JPISG,,JPN,Japan,Ishigaki,24.335158,124.141899,
MXSJC,,MEX,Mexico,San Juan De La Costa,24.396884,-110.67777,
CNXMG,Xiamen Pt,CHN,"China, mainland",Xiamen,24.441469,118.026797,Import
AEMBS,,ARE,United Arab Emirates,Mubarras Island,24.465999,53.365932,
OMSOH,Sohar,OMN,Oman,Sohar,24.506898,56.62039,Import
AEMZD,Mina Zayed/Abu Dhabi,ARE,United Arab Emirates,Mina Zayed/Abu Dhabi,24.526862,54.385959,Import
TWSUO,Suao,TWN,"China, Taiwan Province of",Suao,24.596466,121.864432,
AEKHL,,ARE,United Arab Emirates,Mina Khalifa,24.81505,54.666643,
CNSHU,,CHN,"China, mainland",Shihu,24.818387,118.723083,
PKKHI,Karachi,PAK,Pakistan,Karachi,24.834721,66.977855,Import
QAUMS,Umm Said (Mesaieed),QAT,Qatar,Umm Said (Mesaieed),24.95,51.591667,Import
BSCLP,,BHS,Bahamas,Clifton Point,25.004202,-77.544811,
AEJEA,Jebel Ali,ARE,United Arab Emirates,Jebel Ali,25.023395,55.040304,Import
QAHMD,Hamad,QAT,Qatar,Hamad,25.024274,51.65062,Import
CNXYG,Xiuyu Pt,CHN,"China, mainland",Xiuyu,25.06396,119.031295,Import
BSNAS,Nassau,BHS,Bahamas,Nassau,25.084899,-77.359602,
PKGWD,,PAK,Pakistan,Gwadar,25.112688,62.34173,
TWKEL,Keelung (Chilung),TWN,"China, Taiwan Province of",Keelung,25.144909,121.756355,
TWTPE,,TWN,"China, Taiwan Province of",Taipei,25.160066,121.386139,
AEFJR,Al Fujayrah,ARE,United Arab Emirates,Al Fujayrah,25.181793,56.36152,Import
IRZBR,Chah Bahar,IRN,Iran (Islamic Republic of),Chah Bahar,25.300292,60.602512,Import
QADOH,"Doha, QA",QAT,Qatar,"Doha, QA",25.300648,51.55617,Import
AEKLF,Khor al Fakkan,ARE,United Arab Emirates,Khor al Fakkan,25.353469,56.365065,Import
AEMKH,Mina Khalid,ARE,United Arab Emirates,Mina Khalid,25.363139,55.371444,Import
CNJGY,,CHN,"China, mainland",Jiangyin,25.413826,119.282814,
MXTPB,Topolobampo,MEX,Mexico,Topolobampo,25.589845,-109.057809,Import
CNSON,Songxia Pt,CHN,"China, mainland",Songxia,25.757789,119.632548,Import
USMIA,Miami,USA,United States of America,Miami,25.770973,-80.171565,
QARLF,Ras Laffan,QAT,Qatar,Ras Laffan,25.917063,51.638718,
USBRO,,USA,United States of America,Brownsville,25.960328,-97.377568,
AEMSA,Mina Saqr,ARE,United Arab Emirates,Mina Saqr,25.976834,56.052948,Import
CNFZG,,CHN,"China, mainland",Fuzhou,25.982604,119.447995,
USPEF,Port Everglades,USA,United States of America,Port Everglades FL,26.094048,-80.118867,
BHMIN,Mina Sulman,BHR,Bahrain,Mina Sulman,26.197437,50.613278,Import
OMKHS,,OMN,Oman,Khasab,26.206949,56.246514,
JPNAH,"Naha, Okinawa",JPN,Japan,"Naha, Okinawa",26.211764,127.665949,Import
EGHAM,,EGY,Egypt,Hamrawein,26.255856,34.206309,
JPNAK,,JPN,Japan,Nakagusuku,26.322979,127.865665,
JPKIN,,JPN,Japan,Kinwan,26.379827,127.888965,
NULL,Kemen,CHN,"China, mainland",Kemen,26.380845,119.759334,Import
BSFPO,"Freeport, Grand Bahama",BHS,Bahamas,"Freeport, Grand Bahama",26.522686,-78.774355,Import
IRKIH,,IRN,Iran (Islamic Republic of),Kish Island,26.569048,54.006875,
BSSRP,,BHS,Bahamas,South Riding Point,26.623686,-78.228633,
EGSGA,Safaga,EGY,Egypt,Safaga,26.745705,33.948437,Import
USPAB,,USA,United States of America,Palm Beach,26.768584,-80.049981,
MAEUN,,MAR,Morocco,Laayoune,27.064832,-13.46138,
SAJUB,Jubail,SAU,Saudi Arabia,Jubail,27.077904,49.698595,Import
IRBND,Bandar Abbas,IRN,Iran (Islamic Republic of),Bandar Abbas,27.131691,56.204402,Import
MXSMI,,MEX,Mexico,Isla San Marcos,27.190344,-112.08681,
USFPR,,USA,United States of America,Fort Pierce,27.458042,-80.322898,
IRASA,Asaluyeh,IRN,Iran (Islamic Republic of),Asaluyeh,27.546432,52.540478,Import
SARAZ,,SAU,Saudi Arabia,Ras Al-Khair,27.550234,49.193123,
SADHU,Dhuba,SAU,Saudi Arabia,Dhuba,27.560039,35.547656,Import
IRTMB,,IRN,Iran (Islamic Republic of),Tombak,27.738803,52.146526,
USCRP,Corpus Christi,USA,United States of America,Corpus Christi,27.811912,-97.392207,Export
USTPA,Tampa,USA,United States of America,Tampa,27.910734,-82.427643,Import
MXGYM,Guaymas,MEX,Mexico,Guaymas,27.920955,-110.865098,Import
ESSNA,,ESP,Spain,La Salineta,27.9666,-15.3666,
CNWZO,,CHN,"China, mainland",Wenzhou,27.996822,120.880297,
MXMRE,,MEX,Mexico,Morro Redondo,28.04552,-115.182524,
ESLPA,"Las Palmas, ES",ESP,Spain,"Las Palmas, ES",28.127809,-15.414887,Import
USPCV,,USA,United States of America,Port Canaveral,28.410094,-80.614535,
SARAR,,SAU,Saudi Arabia,Ras Al Khafji,28.415261,48.526435,
ESSCT,Santa Cruz de Tenerife,ESP,Spain,Santa Cruz de Tenerife,28.461726,-16.245896,Import
MATTA,,MAR,Morocco,Tan Tan,28.477584,-11.351317,
ESPRO,Puerto Rosario,ESP,Spain,Puerto Rosario,28.491961,-13.85587,Import
USPCR,,USA,United States of America,Point Comfort,28.644459,-96.553936,
ESSPC,,ESP,Spain,Santa Cruz de La Palma,28.675833,-17.766667,
CNCYH,,CHN,"China, mainland",Haimen,28.687865,121.443189,
USFPO,,USA,United States of America,Freeport TX,28.942528,-95.307681,
EGNUW,,EGY,Egypt,Nuweiba,28.971674,34.667535,
IRBUZ,Bushehr,IRN,Iran (Islamic Republic of),Bushehr,28.993511,50.835993,
KWMEA,Mina al Ahmadi,KWT,Kuwait,Mina Al Ahmadi,29.068987,48.166679,
USFOC,,USA,United States of America,Port Fourchon,29.117106,-90.211287,
IRKHK,,IRN,Iran (Islamic Republic of),Khark Island,29.230341,50.341705,
KWSWK,Shuwaikh,KWT,Kuwait,Shuwaikh,29.349555,47.921679,Import
JOAQJ,Al Aqabah,JOR,Jordan,Al Aqabah,29.507145,34.992362,Import
EGRSU,,EGY,Egypt,Ras Sudr,29.581113,32.712296,
USHOU,Houston TX,USA,United States of America,Houston TX,29.733649,-95.277064,Import/Export
USPOA,Port Arthur TX,USA,United States of America,Port Arthur TX,29.860289,-93.938246,Export
USMSY,New Orleans,USA,United States of America,New Orleans,29.934338,-90.056998,Import/Export
CNZOS,Zhoushan Pt,CHN,"China, mainland",Zhoushan,29.980768,122.043283,Import
IQUQR,Umm Qasr,IRQ,Iraq,Umm Qasr,30.025129,47.953196,Import
USPFN,,USA,United States of America,Panama City,30.179469,-85.733573,
USLCH,Lake Charles LA,USA,United States of America,Lake Charles LA,30.209753,-93.254039,Export
EGSCN,Suez Canal,EGY,Egypt,Suez Canal,30.3413245,32.3822021,Import
USPGL,Pascagoula,USA,United States of America,Pascagoula,30.348919,-88.566952,
USJAX,Jacksonville,USA,United States of America,Jacksonville FL,30.351855,-81.620298,
USPNS,,USA,United States of America,Pensacola,30.400972,-87.20898,
LYLMQ,Marsa El Brega,LBY,Libya,Marsa Brega,30.415102,19.59168,
MAAGA,Agadir,MAR,Morocco,Agadir,30.424006,-9.642575,Import
IRMRX,Bandar Mahshahr,IRN,Iran (Islamic Republic of),Bandar-e Mah Shahr,30.462784,49.178644,
IQBSR,Basra,IRQ,Iraq,Basra,30.559274,47.796661,
USMOB,Mobile,USA,United States of America,Mobile,30.669535,-88.032432,Import/Export
USFEB,,USA,United States of America,Fernandina Beach,30.677905,-81.464568,
CNJNS,,CHN,"China, mainland",Jinshan,30.690118,121.286689,
EGSKT,,EGY,Egypt,Sidi Kerir Terminal,31.055484,29.669774,
USSSI,,USA,United States of America,Brunswick,31.130235,-81.492761,
EGALY,El Iskandariya,EGY,Egypt,El Iskandariya,31.159752,29.832709,Import
CNSHG,Shanghai Pt,CHN,"China, mainland",Shanghai,31.21792,121.504099,Import
EGAKI,Abu Kir,EGY,Egypt,Abu Kir,31.323934,30.074003,Import
JPSBS,Shibushi,JPN,Japan,Shibushi,31.4579,131.087945,Import
EGDAM,Damietta,EGY,Egypt,Damietta,31.466667,31.758333,Import
JPKOJ,Kagoshima,JPN,Japan,Kagoshima,31.526099,130.550189,Import
JPABU,,JPN,Japan,Aburatsu,31.570613,131.406027,
ILASH,Ashdod,ISR,Israel,Ashdod,31.829922,34.639998,Import
MXESE,,MEX,Mexico,"Ensenada, MX",31.852647,-116.627566,
JPSEN,,JPN,Japan,Satsumasendai,31.860629,130.193804,
CNJIA,Jiangyin Pt,CHN,"China, mainland",Jiangyin,31.926973,120.22464,Import
LYMHR,Marsa el Hariga,LBY,Libya,Marsa el Hariga,32.069368,23.987465,Import
USSAV,Savannah GA,USA,United States of America,Savannah GA,32.079928,-81.049916,Import
ILTLV,,ISR,Israel,Tel Aviv-Yafo,32.097783,34.77309,
LYBEN,Bingazi (Benghazi),LBY,Libya,Bingazi (Benghazi),32.117172,20.046966,Import
JPMIN,Minamata,JPN,Japan,Minamata,32.198603,130.376836,Import
MASFI,Safi,MAR,Morocco,Safi,32.310892,-9.250458,Import
MXZRO,,MEX,Mexico,Rosarito,32.36961,-117.071719,
LYMRA,Misurata,LBY,Libya,Misurata,32.36983,15.219825,Import
ILHAD,Hadera,ISR,Israel,Hadera,32.471536,34.865448,
JPYAT,Yatsushiro,JPN,Japan,Yatsushiro,32.5298362,130.5375659,Import
LYKHO,Al Khums,LBY,Libya,Al Khums,32.683333,14.25,Import
JPNGS,,JPN,Japan,Nagasaki,32.719887,129.844725,
PTCNL,Canical,PRT,Portugal,Canical,32.735503,-16.733601,Import
LYZAW,,LBY,Libya,Az Zawiyah,32.792674,12.678895,
USCHS,Charleston,USA,United States of America,Charleston SC,32.794089,-79.925749,
ILHFA,Haifa,ISR,Israel,Haifa,32.821733,35.011554,Import
LYMEL,,LBY,Libya,Mellitah (Qasr Ahmed),32.87998,12.245351,
LYTIP,"Tripoli, LY",LBY,Libya,"Tripoli, LY",32.902817,13.1926,Import
JPSMO,,JPN,Japan,"Shimoda, Kochi",32.940176,132.990067,
JPMAT,,JPN,Japan,"Matsushima, Nagasaki",32.941893,129.601823,
JPMII,"Miike, Fukuoka",JPN,Japan,"Miike, Fukuoka",33.011149,130.41661,Import
JPTMI,,JPN,Japan,Tsukumi,33.082268,131.865895,
MAJFL,Jorf Lasfar,MAR,Morocco,Jorf Lasfar,33.128333,-8.635,Import
JPSSB,Sasebo,JPN,Japan,Sasebo,33.152992,129.720772,Import
KRHSN,,KOR,Republic of Korea,Hwasun,33.235584,126.334395,
CNDFG,Dafeng Pt,CHN,"China, mainland",Dafeng,33.244131,120.79918,Import
JPOIT,Oita,JPN,Japan,Oita,33.268392,131.663401,Import
JPIMI,,JPN,Japan,Imari,33.314866,129.820463,
JPSUZ,,JPN,Japan,Susaki,33.401835,133.294649,
KRSSP,,KOR,Republic of Korea,Seongsan-po,33.474282,126.929968,
JPKAR,,JPN,Japan,Karatsu,33.481728,129.957423,
TNZRZ,,TUN,Tunisia,Zarzis,33.481885,11.121722,
KRCHA,,KOR,Republic of Korea,Cheju,33.525818,126.53842,
JPKCZ,"Kochi, JP",JPN,Japan,"Kochi, JP",33.540685,133.570257,Import
MACAS,Casablanca,MAR,Morocco,Casablanca,33.612104,-7.600546,Import
JPHKT,Hakata,JPN,Japan,Hakata,33.618835,130.408654,Import
JPNGH,,JPN,Japan,"Nagahama, Ehime",33.625268,132.499739,
MAMOH,Mohammedia,MAR,Morocco,Mohammedia,33.728333,-7.386667,
USLGB,Long Beach,USA,United States of America,Long Beach,33.742157,-118.199667,Import
JPMYJ,,JPN,Japan,Matsuyama,33.85418,132.707785,
JPHDK,,JPN,Japan,Hidaka,33.865934,135.154526,
LBBEY,Beirut,LBN,Lebanon,Beirut,33.910404,35.529128,Import
TNGAE,Gabes,TUN,Tunisia,Gabes,33.923981,10.108225,Import
JPUBJ,Ube,JPN,Japan,Ube,33.94131,131.233847,Import
JPSHS,Shimonoseki,JPN,Japan,Shimonoseki,33.947066,130.930444,Import
JPIHA,Niihama,JPN,Japan,Niihama,33.972005,133.260454,Import
JPMKX,,JPN,Japan,"Mishima, Kawanoe",34.010594,133.558585,
JPTKY,,JPN,Japan,Tokuyama,34.036862,131.811928,
JPKIK,,JPN,Japan,Kikuma,34.053798,132.854509,
USNTD,,USA,United States of America,Port Hueneme,34.147313,-119.210388,
JPKKW,,JPN,Japan,Kanokawa,34.183168,132.43495,
USILM,Wilmington NC,USA,United States of America,Wilmington NC,34.189246,-77.956479,Import
JPETA,Etajima,JPN,Japan,Etajima,34.194228,132.480787,Import
JPOTK,,JPN,Japan,Otake,34.221399,132.243175,
JPTKM,,JPN,Japan,Takuma,34.234459,133.67821,
JPSTD,,JPN,Japan,Setoda,34.277283,133.186677,
KRWND,,KOR,Republic of Korea,Wando-gun,34.318548,126.764359,
JPTHR,,JPN,Japan,Takehara,34.333842,132.955152,
JPSKD,Sakaide,JPN,Japan,Sakaide,34.333893,133.840989,Import
JPHIJ,Hiroshima,JPN,Japan,Hiroshima,34.349408,132.43843,
JPTAK,,JPN,Japan,Takamatsu,34.360015,134.0625,
JPONX,OnomichiItozaki,JPN,Japan,OnomichiItozaki,34.389217,133.103629,Import
JPHIB,,JPN,Japan,Hibi,34.450378,133.925989,
JPFKY,,JPN,Japan,"Fukuyama, Hiroshima",34.459517,133.446283,
JPMIZ,Mizushima,JPN,Japan,Mizushima,34.493828,133.731957,Import
JPOMZ,,JPN,Japan,Omaezaki,34.613216,138.219961,
JPSMD,,JPN,Japan,"Shimoda, Shizuoka",34.67499,138.955198,
USMRH,Morehead City,USA,United States of America,Morehead City,34.71454,-76.691983,Import
CYVAS,Vassiliko,CYP,Cyprus,Vasilikos,34.7175,33.316389,
TNSFA,Sfax,TUN,Tunisia,Sfax,34.728911,10.768908,Import
CNLYG,Lianyungang,CHN,"China, mainland",Lianyungang,34.747764,119.416595,Import
KRMOK,Mokpo,KOR,Republic of Korea,Mokpo,34.778536,126.421719,
KRYOS,Yeosu,KOR,Republic of Korea,Yeosu,34.871471,127.784129,Import
JPHMD,,JPN,Japan,Hamada,34.880535,132.054971,
SYTTS,Tartus,SYR,Syrian Arab Republic,Tartus,34.907423,35.860764,Import
CYLCA,Larnaca,CYP,Cyprus,Larnaca,34.92487,33.643525,Import
GRKLL,,GRC,Greece,Kalilimenes,34.929167,24.803611,
JPYKK,Yokkaichi,JPN,Japan,Yokkaichi,34.9516,136.643239,Import
NULL,,GRC,Greece,Atherinolakkos,35.005165,26.142492,
JPSMZ,Shimizu,JPN,Japan,Shimizu,35.017068,138.496403,Import
NULL,,KOR,Republic of Korea,Gosung,35.049605,128.482668,
CNLSN,Lanshan Pt,CHN,"China, mainland",Lanshan,35.091684,119.36863,Import
KRPUS,Busan,KOR,Republic of Korea,Busan,35.100947,129.071873,Import
DZGHZ,Ghazaouet,DZA,Algeria,Ghazaouet,35.104293,-1.860143,Import
CYFMG,Famagusta,CYP,Cyprus,Famagusta,35.129555,33.943925,Import
USPSL,,USA,United States of America,Port San Luis CA,35.170592,-120.755102,
KRMAS,Masan,KOR,Republic of Korea,Masan,35.187062,128.591338,
SYBAN,Baniyas,SYR,Syrian Arab Republic,Baniyas,35.187386,35.942367,
GRANI,,GRC,Greece,"Agios Nikolaos, Kriti",35.193328,25.719426,
MAAHU,,MAR,Morocco,Al Hoceima,35.246757,-3.92168,
ESMLN,,ESP,Spain,Melilla,35.288918,-2.927292,
GRHER,Iraklion,GRC,Greece,Iraklion,35.345437,25.144763,Import
CNRZH,Rizhao Pt,CHN,"China, mainland",Rizhao,35.361444,119.535013,Import
GRRET,Rethymnon,GRC,Greece,Rethymnon,35.371883,24.47772,Import
KRUSN,Ulsan,KOR,Republic of Korea,Ulsan,35.483333,129.396667,Import
SYLTK,Latakia,SYR,Syrian Arab Republic,Latakia,35.524501,35.766992,Import
JPSMN,,JPN,Japan,Sakaiminato,35.539122,133.254906,
CNDJK,Dongjiangkou,CHN,"China, mainland",Dongjiangkou,35.595563,119.793437,Import
JPTYO,Tokyo,JPN,Japan,Tokyo,35.612647,139.7635,Import
DZORN,Oran,DZA,Algeria,Oran,35.712919,-0.640842,Import
MATNG,Tangier,MAR,Morocco,Tangier,35.789314,-5.799028,
DZBHA,,DZA,Algeria,Bethioua,35.8199,-0.251603,
TNSUS,Sousse,TUN,Tunisia,Sousse,35.825034,10.643532,Import
MTMLA,Valletta,MLT,Malta,Valletta,35.888147,14.509106,Import
JPKSM,"Kashima, Ibaraki",JPN,Japan,"Kashima, Ibaraki",35.919713,140.673427,Import
KRKPO,Pohang,KOR,Republic of Korea,Pohang,36.016667,129.4,Import
CNQDG,Qingdao Pt,CHN,"China, mainland",Qingdao,36.091089,120.314547,Import
ESALG,Algeciras,ESP,Spain,Algeciras,36.136878,-5.433733,Import
TRYIK,,TUR,Turkey,Yesilovacik,36.18478,33.655177,
JPFKJ,,JPN,Japan,Fukui,36.196006,136.123907,
TRTAS,,TUR,Turkey,Tasucu,36.311483,33.896196,
KRBOR,,KOR,Republic of Korea,Boryeong,36.406219,126.484137,
GRRHO,,GRC,Greece,Rhodes,36.44751,28.232868,
DZTEN,Tenes,DZA,Algeria,Tenes,36.525488,1.318566,Import
ESCAD,Cadiz,ESP,Spain,Cadiz,36.53745,-6.282189,Import
TRISK,Iskenderun,TUR,Turkey,Iskenderun,36.596662,36.18887,Import
JPKNZ,,JPN,Japan,Kanazawa,36.619396,136.609424,
IRNSH,Now Shahr,IRN,Iran (Islamic Republic of),Now Shahr,36.657159,51.50727,Import
GRYLI,,GRC,Greece,Yali Island,36.660956,27.122836,
ESAGP,Malaga,ESP,Spain,Malaga,36.707059,-4.416796,Import
ITPZL,Pozzallo,ITA,Italy,Pozzallo,36.71211,14.832274,Import
ESMOT,Motril,ESP,Spain,Motril,36.720718,-3.525809,Import
DZBJA,Bejaia (ex. Bougie),DZA,Algeria,Bejaia (ex. Bougie),36.743189,5.08251,Import
GRMLO,,GRC,Greece,Milos Island,36.748739,24.389283,
TRGCK,Gocek,TUR,Turkey,Gocek,36.753402,28.927061,Import
JPTOY,,JPN,Japan,Toyama,36.758692,137.225756,
DZALG,Alger (Algiers),DZA,Algeria,Alger (Algiers),36.774626,3.064989,Import
TRMER,Mersin,TUR,Turkey,Mersin,36.7981,34.649691,Import
TNRDS,Rades,TUN,Tunisia,Rades,36.8075,10.27,Import
DZDJE,Djen Djen,DZA,Algeria,Djen Djen,36.827173,5.890638,Import
ESLEI,,ESP,Spain,Almeria,36.834731,-2.473973,
TRAYT,Antalya,TUR,Turkey,Antalya,36.835813,30.611322,Import
IRBAM,Amirabad,IRN,Iran (Islamic Republic of),Amirabad,36.852564,53.368092,Import
DZSKI,Skikda,DZA,Algeria,Skikda,36.888378,6.904342,Import
CNSHD,,CHN,"China, mainland",Shidao,36.896479,122.428045,
GRKGS,,GRC,Greece,Kos,36.898124,27.28897,
DZAAE,Annaba,DZA,Algeria,Annaba,36.901095,7.770638,Import
JPONA,,JPN,Japan,Onahama,36.933039,140.882519,
PTVDP,,PRT,Portugal,Vila do Porto,36.942663,-25.146942,
GRKMI,,GRC,Greece,Kalymnos,36.947403,26.986501,
ESCRS,,ESP,Spain,Carboneras,36.976186,-1.89814,
PTFAO,,PRT,Portugal,Faro,37.002909,-7.920802,
KRTSN,,KOR,Republic of Korea,Daesan,37.011145,126.349312,
GRKLX,,GRC,Greece,Kalamata,37.022992,22.112912,
JPHMK,,JPN,Japan,Himekawa,37.041856,137.840128,
ITGEA,Gela,ITA,Italy,Gela,37.045612,14.261769,
ITLIC,,ITA,Italy,Licata,37.093901,13.938674,
JPNNO,,JPN,Japan,Nanao,37.103707,137.024566,
PTPRM,Portimao,PRT,Portugal,Portimao,37.12731,-8.529519,
ESHUV,Huelva,ESP,Spain,Huelva,37.171312,-6.915266,Import
ESGAR,,ESP,Spain,Garrucha,37.181556,-1.817839,
JPNAO,,JPN,Japan,Naoetsu,37.190445,138.253377,
ITAUG,Augusta,ITA,Italy,Augusta,37.20777,15.20994,Import
TRGUL,Gulluk,TUR,Turkey,Gulluk,37.252663,27.605,Import
TNBIZ,Bizerte,TUN,Tunisia,Bizerte,37.264181,9.86914,Import
ITPEM,Porto Empedocle,ITA,Italy,Porto Empedocle,37.282082,13.528519,Import
GRPMS,,GRC,Greece,Patmos,37.325547,26.543858,
ESSVQ,Sevilla,ESP,Spain,Sevilla,37.354546,-5.994254,Import
JPKWZ,,JPN,Japan,Kashiwazaki,37.369284,138.540117,
GRJSY,,GRC,Greece,Syros (Syra),37.435396,24.945094,
IRBAZ,Bandar-e Anzali,IRN,Iran (Islamic Republic of),Bandar-e Anzali,37.471258,49.465843,Import
KRTGA,,KOR,Republic of Korea,Tonghae,37.494438,129.135986,
CNWEI,,CHN,"China, mainland",Weihai,37.504851,122.12547,
GRNAF,,GRC,Greece,Nafplion,37.56986,22.79464,
CNYTG,Yantai Pt,CHN,"China, mainland",Yantai,37.573857,121.392924,Import
ESCAR,"Cartagena, ES",ESP,Spain,"Cartagena, ES",37.597209,-0.991843,Import
GRKAK,,GRC,Greece,Katakolon,37.646389,21.319722,
CNLKU,Longkou Pt,CHN,"China, mainland",Longkou,37.646608,120.317957,Import
JPHRM,,JPN,Japan,Haramachi,37.667053,141.023166,
PTPDL,Ponta Delgada,PRT,Portugal,Ponta Delgada,37.736627,-25.661486,Import
GRSMI,,GRC,Greece,Samos,37.756168,26.969965,
GRZTH,,GRC,Greece,Zakynthos,37.781527,20.904011,
USSFO,,USA,United States of America,San Francisco,37.806611,-122.399995,
CNPLI,,CHN,"China, mainland",Penglai,37.820658,120.839885,
GRKLM,Kalamaki,GRC,Greece,Kalamaki,37.918541,23.024178,Import
PTSIE,Sines,PRT,Portugal,Sines,37.941757,-8.87644,Import
GRKRT,,GRC,Greece,Korinthos,37.943248,22.935825,
JPKIJ,Niigata,JPN,Japan,Niigata,37.949788,139.068157,Import
ESTOR,Torrevieja,ESP,Spain,Torrevieja,37.969825,-0.689579,Import
GRPCI,,GRC,Greece,Pachi,37.971046,23.380634,
ITTRI,Termini Imerese,ITA,Italy,Termini Imerese,37.988607,13.706412,Import
GRFLS,,GRC,Greece,Eleusis,38.032901,23.510221,
CNDYN,,CHN,"China, mainland",Dongying,38.097967,118.978392,
ITPMO,Palermo,ITA,Italy,Palermo,38.128333,13.37,Import
GRARM,,GRC,Greece,Argostolion,38.180516,20.490609,
ITMSN,Messina,ITA,Italy,Messina,38.193322,15.566032,
ITMLZ,Milazzo,ITA,Italy,Milazzo,38.214353,15.258488,
GRTHP,,GRC,Greece,Thisvi Port,38.220296,22.950477,
GRGIE,,GRC,Greece,Aegion,38.255955,22.079014,
CNHNH,Huanghua,CHN,"China, mainland",Huanghua,38.327408,117.887245,Import
ESALC,,ESP,Spain,Alicante,38.333776,-0.485995,
GRDRE,,GRC,Greece,Drepano Riou,38.337066,21.845193,
GRSTN,Saint Nicolas,GRC,Greece,Saint Nicolas,38.360528,22.685039,Import
GRJKH,,GRC,Greece,Chios,38.370156,26.140336,
JPISM,Ishinomaki,JPN,Japan,Ishinomaki,38.404499,141.284806,Import
GRITA,,GRC,Greece,Itea,38.429967,22.422181,
TRIZM,Izmir,TUR,Turkey,Izmir,38.445515,27.150679,Import
ITGIT,,ITA,Italy,Gioia Tauro,38.446457,15.900352,
GRCLK,Chalkida,GRC,Greece,Chalkida,38.454641,23.590402,Import
ITLIP,,ITA,Italy,Lipari,38.471148,14.955597,
GRAST,Astakos,GRC,Greece,Astakos,38.476444,21.099058,Import
PTSET,Setubal,PRT,Portugal,Setubal,38.516785,-8.877244,Import
PTHOR,,PRT,Portugal,Horta,38.530678,-28.623063,
GRPSA,Psakhna,GRC,Greece,Psakhna,38.564372,23.598034,Import
PTLIS,Lisbon,PRT,Portugal,Lisbon,38.698609,-9.168951,Import
ITVVA,,ITA,Italy,Vibo Valentia,38.719558,16.126445,
KPNAM,Nampo,PRK,Democratic People's Republic of Korea,Nampo,38.723279,125.409338,
PTPRV,Praia da Vitoria,PRT,Portugal,Praia da Vitoria,38.729013,-27.051954,Import
CNLSH,,CHN,"China, mainland",Lushun New,38.809023,121.135189,
GRKYM,,GRC,Greece,Kimasi,38.80987,23.521534,
TRALI,,TUR,Turkey,Aliaga,38.823535,26.948202,
GRSYS,,GRC,Greece,Stylis (Stylida),38.90983,22.615949,
ESIBZ,,ESP,Spain,Ibiza,38.911667,1.441667,
CNCFD,Caofeidian Pt,CHN,"China, mainland",Caofeidian,38.915467,118.517916,Import
CNDAG,Dalian Pt,CHN,"China, mainland",Dalian,38.93745,121.657813,Import
GRPVK,Preveza/Lefkas,GRC,Greece,Preveza/Lefkas,38.957871,20.75617,Import
CNTXG,Tianjin Xingang Pt,CHN,"China, mainland",Tianjin Xingang,38.973405,117.758138,Import
ESGAN,,ESP,Spain,Gandia,38.994839,-0.150301,
JPOFT,,JPN,Japan,Ofunato,39.065679,141.727619,
TRDIK,Dikili,TUR,Turkey,Dikili,39.070644,26.885423,Import
ITCRV,Crotone,ITA,Italy,Crotone,39.088992,17.127249,Import
GRMJT,Mytilene,GRC,Greece,Mytilene,39.102724,26.559841,Import
GRTSI,,GRC,Greece,Tsingeli,39.170972,22.849051,
ITPVE,,ITA,Italy,Portoscuso (Porto Vesme),39.195601,8.395396,
CNJTG,Jingtang Pt,CHN,"China, mainland",Jingtang,39.202593,119.008291,Import
ITCAG,,ITA,Italy,Cagliari,39.207202,9.109882,
USBAL,Baltimore,USA,United States of America,Baltimore,39.256938,-76.575736,Import
JPKIS,Kamaishi,JPN,Japan,Kamaishi,39.270476,141.891505,Import
ESPMI,,ESP,Spain,Palma de Mallorca,39.553239,2.634841,
USDCI,,USA,United States of America,Delaware City DE,39.582809,-75.588795,
ESSAG,Sagunto,ESP,Spain,Sagunto,39.648475,-0.212236,Import
ITCGC,Corigliano Calabro,ITA,Italy,Corigliano Calabro,39.66719,16.523804,Import
ESALD,,ESP,Spain,Alcudia,39.834413,3.13985,
CNDDZ,Dandong,CHN,"China, mainland",Dandong,39.837621,124.161766,Import
USPAU,,USA,United States of America,Paulsboro,39.850578,-75.250857,
ITQOS,Oristano,ITA,Italy,Oristano,39.862974,8.554596,Import
TRAKC,Canakkale,TUR,Turkey,Akcansa,39.880519,26.153078,Import
TRCKZ,Canakkale,TUR,Turkey,Canakkale,39.880519,26.153078,Import
ESMAH,,ESP,Spain,"Mahon, Menorca",39.893784,4.262933,
CNSHP,Qinhuangdao Pt,CHN,"China, mainland",Qinhuangdao,39.906305,119.589935,Import
ITATX,,ITA,Italy,Arbatax,39.940792,9.704053,
ESCAS,Castellon de la Plana,ESP,Spain,Castellon de la Plana,39.968096,0.023622,Import
ITGAL,,ITA,Italy,Gallipoli,40.058959,17.982661,
USXIO,,USA,United States of America,"Morrisville, PA",40.139148,-74.755287,
PTFDF,Figueira da Foz,PRT,Portugal,Figueira da Foz,40.146783,-8.850402,Import
GRNMA,Nea Moudhania,GRC,Greece,Nea Moudhania,40.235893,23.27704,Import
CNBYQ,Bayuquan,CHN,"China, mainland",Bayuquan,40.267176,122.091563,Import
TRBDM,Bandirma,TUR,Turkey,Bandirma,40.355815,27.958588,Import
NULL,Borusan,TUR,Turkey,Borusan,40.416024,29.081982,Import
ALVOA,"Vlore (Vlora, Vlone)",ALB,Albania,Vlore,40.450238,19.483005,
TRIDS,Icdas Jetty,TUR,Turkey,Icdas Jetty,40.451596,27.139339,Import
ITTAR,Taranto,ITA,Italy,Taranto,40.473259,17.211405,Import
JPHHE,Hachinohe,JPN,Japan,Hachinohe,40.534753,141.520942,Import
ESACA,,ESP,Spain,Alcanar,40.571469,0.55213,
GRSKG,Thessaloniki,GRC,Greece,Thessaloniki,40.633607,22.923537,Import
ITBDS,Brindisi,ITA,Italy,Brindisi,40.652778,17.971266,Import
TRSRL,Saraylar,TUR,Turkey,Saraylar,40.656445,27.661637,Import
PTAVE,Aveiro,PRT,Portugal,Aveiro,40.658549,-8.709942,Import
USNYC,New York/New Jersey,USA,United States of America,New York,40.664496,-74.065761,
ITSAL,Salerno,ITA,Italy,Salerno,40.672762,14.74796,Import
TRYAL,Yalova,TUR,Turkey,Yalova,40.694465,29.414257,Import
CNJNZ,Jinzhou Pt,CHN,"China, mainland",Jinzhou,40.794493,121.064392,Import
NULL,Naples,ITA,Italy,Naples,40.837104,14.26825,Import
TRTUZ,Tuzla,TUR,Turkey,Tuzla,40.84079,29.277396,Import
GRAXD,Alexandroupolis,GRC,Greece,Alexandroupolis,40.840828,25.885947,Import
JPAOJ,,JPN,Japan,Aomori,40.842039,140.72228,
ITPTO,Porto Torres,ITA,Italy,Porto Torres,40.849167,8.374167,
GRNKV,Nea Karvali,GRC,Greece,Nea Karvali,40.948309,24.475771,Import
TRTEK,Tekirdag,TUR,Turkey,Tekirdag,40.961627,27.506156,Import
TRAMR,Ambarli,TUR,Turkey,Ambarli,40.962744,28.679749,Import
TRMAR,,TUR,Turkey,Marmara Ereglisi,40.987243,27.985261,
TRHAY,Haydarpasa,TUR,Turkey,Haydarpasa,41.003902,29.011115,Import
TRTZX,Trabzon,TUR,Turkey,Trabzon,41.005,39.739645,Import
GRPTL,,GRC,Greece,Lagos (Porto-Lago),41.005888,25.121064,
TRRIZ,Rize,TUR,Turkey,Rize,41.0386,40.513413,Import
ESTAR,Tarragona,ESP,Spain,Tarragona,41.092025,1.22166,Import
TRUNY,,TUR,Turkey,Unye,41.11438,37.34163,
ITBRI,Bari,ITA,Italy,Bari,41.138415,16.858701,Import
USBDR,,USA,United States of America,Bridgeport CT,41.169997,-73.179249,
PTLEI,Leixoes,PRT,Portugal,Leixoes,41.191018,-8.689037,Import
ESVLG,,ESP,Spain,Villanueva y Geltru,41.20721,1.729181,
ITMOL,Molfetta,ITA,Italy,Molfetta,41.2091,16.589913,Import/Export
ITGAE,,ITA,Italy,Gaeta,41.231959,13.570266,
TRERE,Eregli,TUR,Turkey,Eregli,41.276267,31.407852,Import
TRSSX,Samsun,TUR,Turkey,Samsun,41.305634,36.344284,Import
ITBLT,Barletta,ITA,Italy,Barletta,41.327165,16.291056,Import
USZGO,Groton CT,USA,United States of America,Groton CT,41.33571,-72.082203,Import
ESBCN,Barcelona,ESP,Spain,Barcelona,41.34448,2.167549,Import
NULL,,ALB,Albania,Romano Port,41.377805,19.420261,
TRHOP,Hopa,TUR,Turkey,Hopa,41.412169,41.429895,Import
TRZON,Zonguldak,TUR,Turkey,Zonguldak,41.456504,31.784805,Import
USCLE,Cleveland OH,USA,United States of America,Cleveland OH,41.498069,-81.720865,Export
USDVV,,USA,United States of America,"Davisville, RI",41.612451,-71.402163,
ITMFR,Manfredonia,ITA,Italy,Manfredonia,41.617313,15.949569,Import
USNBD,,USA,United States of America,New Bedford,41.630842,-70.916154,
GEBUS,Batumi,GEO,Georgia,Batumi,41.648667,41.653136,Import
TRBTN,Bartin,TUR,Turkey,Bartin,41.686145,32.229324,Import
PTVDC,Viana do Castelo,PRT,Portugal,Viana do Castelo,41.68655,-8.840311,Import
USTOL,Toledo,USA,United States of America,Toledo,41.689023,-83.472428,Import/Export
USCHI,Chicago,USA,United States of America,Chicago,41.696815,-87.554932,Import/Export
ITFCO,,ITA,Italy,Fiumicino,41.752391,12.162892,
KPCHO,Chongjin,PRK,Democratic People's Republic of Korea,Chongjin,41.759568,129.764487,
USSWC,,USA,United States of America,Sandwich MA,41.771761,-70.513853,
USPVD,,USA,United States of America,Providence,41.799003,-71.389146,
JPHKD,Hakodate,JPN,Japan,Hakodate,41.805968,140.712325,Import
ALSHG,Shengjjin,ALB,Albania,Shengjin,41.813286,19.587106,
ESPAL,,ESP,Spain,Palamos,41.843044,3.124814,
USASF,Ashtabula,USA,United States of America,Ashtabula,41.913007,-80.789499,
FRAJA,,FRA,France,Ajaccio,41.921373,8.742074,
USCDY,,USA,United States of America,Conneaut,41.964513,-80.547717,
TRINE,Inebolu,TUR,Turkey,Inebolu,41.978714,33.768192,Import
MEBAR,,MNE,Montenegro,Bar,42.092385,19.083653,
ITCVV,Civitavecchia,ITA,Italy,Civitavecchia,42.099775,11.775581,Import
USERI,,USA,United States of America,Erie PA,42.14366,-80.085458,
GEPTI,Poti,GEO,Georgia,Poti,42.154351,41.652057,Import
ITVSO,,ITA,Italy,Vasto,42.173643,14.710733,
ESVGO,Vigo,ESP,Spain,Vigo,42.243801,-8.712992,
JPTOK,Tokachi,JPN,Japan,Tokachi,42.301305,143.33256,Import
USDET,Detroit MI,USA,United States of America,Detroit MI,42.307817,-83.083872,Import/Export
NULL,,PRK,Democratic People's Republic of Korea,Senbong,42.329008,130.396261,
JPMUR,Muroran,JPN,Japan,Muroran,42.345049,140.984146,Import
ITOTN,Ortona,ITA,Italy,Ortona,42.353333,14.416667,Import/Export
USBOS,Boston,USA,United States of America,Boston MA,42.353434,-71.03759,
ESMPG,Marin,ESP,Spain,Marin,42.399145,-8.699306,Import
METIV,,MNE,Montenegro,Tivat,42.437062,18.691128,
BGBOJ,Burgas,BGR,Bulgaria,Burgas,42.48637,27.476692,Import/Export
USSLM,,USA,United States of America,Salem,42.521484,-70.877842,
ESVIL,Villagarcia de Arosa,ESP,Spain,Villagarcia de Arosa,42.598103,-8.777478,Import
JPTMK,Tomakomai,JPN,Japan,Tomakomai,42.642454,141.652352,Import
RUPSE,,RUS,Russian Federation,Posyet,42.64853,130.808308,
HRDBV,Dubrovnik,HRV,Croatia,Dubrovnik,42.66,18.081944,
USHLM,,USA,United States of America,"Holland, MI",42.792648,-86.119157,
RUNJK,Nakhodka,RUS,Russian Federation,Nakhodka,42.80858,132.896112,
CAPCO,Port Colborne,CAN,Canada,Port Colborne,42.872262,-79.252671,Import
RUSKA,,RUS,Russian Federation,Slavyanka,42.872398,131.393256,
ITFOL,,ITA,Italy,Follonica,42.901767,10.773879,
ITPIO,Piombino,ITA,Italy,Piombino,42.931846,10.546563,Import
ESCCN,,ESP,Spain,Corcubion,42.94406,-9.180374,
HRKOR,,HRV,Croatia,Korcula,42.950286,17.149835,
CASNI,Sarnia,CAN,Canada,Sarnia,42.984776,-82.416862,Import
RUMCX,Makhachkala,RUS,Russian Federation,Makhachkala,42.992722,47.500289,Export
JPIWN,,JPN,Japan,Iwanai,42.995743,140.520899,
GESUI,Sukhumi,GEO,Georgia,Sokhumi,42.996006,41.022395,
JPKUH,Kushiro,JPN,Japan,Kushiro,42.996775,144.316789,Import
USMKE,Milwaukee,USA,United States of America,Milwaukee,43.019096,-87.892726,Export
HRPLE,Ploce,HRV,Croatia,Ploce,43.047258,17.422535,Import
USGHN,Grand Haven,USA,United States of America,Grand Haven,43.076286,-86.232985,Import
USPSM,,USA,United States of America,Portsmouth NH,43.081005,-70.757849,
FRTLN,Toulon,FRA,France,Toulon,43.104676,5.912451,
RUVVO,Vladivostok,RUS,Russian Federation,Vladivostok,43.107077,131.886035,Export
BGVAR,Varna,BGR,Bulgaria,Varna,43.190554,27.914558,Import/Export
JPISI,,JPN,Japan,Ishikari,43.214943,141.289132,
CAHAM,Hamilton ON,CAN,Canada,Hamilton ON,43.276078,-79.846099,Import
JPHNK,,JPN,Japan,Hanasaki,43.280987,145.583036,
ESPAS,Pasajes,ESP,Spain,Pasajes,43.323252,-1.920547,Import
ESBIO,Bilbao,ESP,Spain,Bilbao,43.350209,-3.036013,Import
ESLCG,La Coruna,ESP,Spain,La Coruna,43.359883,-8.386212,Import
USCOB,,USA,United States of America,Coos Bay,43.366557,-124.177112,
FRPDB,,FRA,France,Port De Bouc,43.396149,4.986896,
FRSET,Sete,FRA,France,Sete,43.398718,3.703208,Import/Export
ESBRM,,ESP,Spain,Bermeo,43.4186,-2.715457,
ESSDR,Santander,ESP,Spain,Santander,43.443463,-3.814968,Import/Export
USOSW,Oswego,USA,United States of America,Oswego,43.461989,-76.512065,Export
ESRIB,Ribadeo,ESP,Spain,Ribadeo,43.532739,-7.037336,Import
ESAVS,Aviles,ESP,Spain,Aviles,43.562719,-5.919653,Import
ITLIV,Livorno,ITA,Italy,Livorno,43.565512,10.304734,Import
KZAAU,Aktau,KAZ,Kazakhstan,Aktau,43.602557,51.213986,Import/Export
USBCY,,USA,United States of America,Bay City MI,43.61367,-83.864496,
USPWM,Portland (Maine),USA,United States of America,Portland ME,43.651748,-70.249874,
FRNCE,,FRA,France,Nice,43.692551,7.286967,
ESSCI,San Ciprian,ESP,Spain,San Ciprian,43.708333,-7.463333,Import
CASBU,,CAN,Canada,Shelburne,43.743629,-65.318424,
ROMAG,Mangalia,ROU,Romania,Mangalia,43.799029,28.583519,
CAOSH,,CAN,Canada,Oshawa,43.867314,-78.824446,
JPRMI,,JPN,Japan,Rumoi,43.952544,141.637578,
CALIV,,CAN,Canada,Liverpool NS,44.041757,-64.714165,
CAPIC,,CAN,Canada,Picton ON,44.0528,-77.117538,
HRZAD,Zadar,HRV,Croatia,Zadar,44.088861,15.258934,
RUTUA,Tuapse,RUS,Russian Federation,Tuapse,44.090077,39.069571,Import/Export
ITSPE,La Spezia,ITA,Italy,La Spezia,44.101468,9.843341,Import
ROCND,Constanta,ROU,Romania,Constanta,44.110007,28.69625,Import
ROMID,Midia,ROU,Romania,Midia,44.334047,28.675726,Import
JPMBE,,JPN,Japan,Monbetsu/Abashiri,44.343656,143.365289,
ITGOA,Genova,ITA,Italy,Genova,44.398541,8.922171,Import
ITRAN,Ravenna,ITA,Italy,Ravenna,44.443333,12.243333,Import
USSRP,Searsport,USA,United States of America,Searsport,44.451484,-68.899336,Import
USGRB,,USA,United States of America,Green Bay,44.535538,-88.007953,
HRLSZ,,HRV,Croatia,Mali Losinj,44.541913,14.460627,
USNPO,,USA,United States of America,Newport OR,44.626715,-124.045862,
CAHAL,Halifax,CAN,Canada,Halifax,44.628873,-63.561286,Export
RUNVS,Novorossiysk,RUS,Russian Federation,Novorossiysk,44.702301,37.821516,Import/Export
FRBOD,Bordeaux,FRA,France,Bordeaux,44.865195,-0.556234,Import/Export
HRPUY,Pula,HRV,Croatia,Pula,44.866807,13.836423,
HRRAS,,HRV,Croatia,Rasa,45.023801,14.052512,
UAFEO,,UKR,Ukraine,Feodosiya,45.029845,35.390502,
USMNM,,USA,United States of America,Menominee,45.098217,-87.605482,
RUTAM,Taman,RUS,Russian Federation,Taman,45.123559,36.67142,Export
CABAY,,CAN,Canada,Bayside (St Roberts),45.159384,-67.143785,
UAZKA,,UKR,Ukraine,Yevpatoriya,45.189653,33.375858,
CAVLF,,CAN,Canada,Valleyfield,45.221808,-74.09004,
CASJB,,CAN,Canada,Saint-John,45.273869,-66.042569,
RUTMR,Temryuk,RUS,Russian Federation,Temryuk,45.321535,37.381036,Import/Export
UAIZM,Izmail,UKR,Ukraine,Izmail,45.321599,28.855977,Export
HRRJK,Rijeka,HRV,Croatia,Rijeka,45.327369,14.428714,Import
UAKEH,Kerch,UKR,Ukraine,Kerch,45.348055,36.488431,Export
ITPMA,Marghera,ITA,Italy,Marghera,45.446284,12.273409,Import
USPDX,Portland OR,USA,United States of America,Portland OR,45.568371,-122.727726,Import/Export
CAPTU,,CAN,Canada,Point Tupper,45.602104,-61.371205,
CAPXT,,CAN,Canada,Pointe-aux-Trembles,45.627316,-73.494663,
ITTRS,Trieste,ITA,Italy,Trieste,45.627371,13.767743,Import
USCHG,,USA,United States of America,Cheboygan MI,45.649354,-84.47083,
ITPNG,Porto Nogaro,ITA,Italy,Porto Nogaro,45.795364,13.232112,Import
FRRCO,Rochefort,FRA,France,Rochefort,45.94771,-0.954844,Export
CASOR,Sorel,CAN,Canada,Sorel,46.050533,-73.117807,Export
FRLPE,La Pallice,FRA,France,La Pallice,46.155083,-1.237858,Import/Export
CASYD,Sydney,CAN,Canada,Sydney NS,46.162335,-60.204615,
UABGD,,UKR,Ukraine,Belgorod-Dnestrovskiy,46.182075,30.375197,
CACHA,,CAN,Canada,Charlottetown,46.229733,-63.122359,
UAILK,Chornomorsk (ex. Illichivsk),UKR,Ukraine,Chornomorsk (ex. Illichivsk),46.334012,30.658577,Import/Export
RUASF,Astrakhan,RUS,Russian Federation,Astrakhan,46.366233,48.013211,Export
CASUM,,CAN,Canada,Summerside,46.386792,-63.791343,
CABEC,Becancour,CAN,Canada,Becancour,46.401422,-72.378501,
FRLSO,Les Sables D`olonne,FRA,France,Les Sables D`olonne,46.49726,-1.794099,Export
CASSM,Sault-Sainte-Marie,CAN,Canada,Sault-Sainte-Marie,46.519085,-84.378038,Import
RUKOR,,RUS,Russian Federation,Korsakov,46.624575,142.758364,
RUNEV,,RUS,Russian Federation,Nevelsk,46.680435,141.854532,
RUYEY,Yeysk,RUS,Russian Federation,Yeysk,46.728769,38.271973,Export
USDLH,Duluth,USA,United States of America,Duluth,46.749141,-92.085922,Export
UAERD,Berdyansk,UKR,Ukraine,Berdyansk,46.751269,36.778659,Import/Export
PMFSP,St Pierre,SPM,Saint Pierre and Miquelon,Saint Pierre,46.785264,-56.166692,
CAQUE,Quebec,CAN,Canada,Quebec,46.82758,-71.199544,Import/Export
USONG,,USA,United States of America,Ontonagon,46.875094,-89.326092,
USGHC,,USA,United States of America,Grays Harbor WA,46.960433,-123.841152,
RUKHO,Kholmsk,RUS,Russian Federation,Kholmsk,47.04824,142.043577,Export
UAMPW,Mariupol,UKR,Ukraine,Mariupol,47.096057,37.576173,Import/Export
PMMQC,,SPM,Saint Pierre and Miquelon,Miquelon,47.102402,-56.374482,
RUTAG,Taganrog,RUS,Russian Federation,Taganrog,47.201599,38.953365,Export
FRSNR,Saint Nazaire,FRA,France,Saint Nazaire,47.277036,-2.199808,Export
CANWP,,CAN,Canada,Argentia,47.289403,-53.990275,
CABBU,,CAN,Canada,Bay Bulls,47.314083,-52.811175,
CAHOD,,CAN,Canada,Holyrood,47.396204,-53.124844,
CAPBQ,,CAN,Canada,Channel-Port aux Basques,47.580777,-59.13679,
FRLRT,Lorient,FRA,France,Lorient,47.737374,-3.351338,Import/Export
CACBC,,CAN,Canada,Come by Chance,47.799324,-54.015998,
FRCOC,,FRA,France,Concarneau,47.875238,-3.908363,
CABEL,,CAN,Canada,Belledune,47.91155,-65.844005,
CAGCA,,CAN,Canada,Gros Cacouna,47.929797,-69.516235,
FRDRZ,,FRA,France,Douarnenez,48.098622,-4.326233,
CAPAF,,CAN,Canada,Port-Alfred,48.334932,-70.870534,
FRBES,Brest,FRA,France,Brest,48.381486,-4.480498,Import/Export
CATHU,Thunder Bay,CAN,Canada,Thunder Bay,48.413884,-89.215675,Export
CARIM,,CAN,Canada,Rimouski,48.480129,-68.518427,
CALCV,,CAN,Canada,Lower Cove,48.521667,-59.026667,
FRSBK,Saint Brieuc,FRA,France,Saint Brieuc,48.525544,-2.73826,Import
FRSML,Saint Malo,FRA,France,Saint Malo,48.642087,-2.027526,Import/Export
FRROS,,FRA,France,Roscoff,48.719552,-3.962436,
CAMAR,,CAN,Canada,Marathon,48.722547,-86.396019,
CAGPE,,CAN,Canada,Gaspe,48.824952,-64.438356,
CAMNE,,CAN,Canada,Matane,48.842365,-67.575155,
CACBK,,CAN,Canada,Corner Brook,48.960347,-57.943752,
RUVNN,Vanino,RUS,Russian Federation,Vanino,49.087386,140.274759,Import
RUSHA,,RUS,Russian Federation,Shakhtersk,49.161666,142.054577,
JESTH,,JEY,Jersey,Saint Helier,49.178286,-2.113277,
FRCFR,Caen,FRA,France,Caen,49.184062,-0.335169,Export
CAPAB,,CAN,Canada,Port Alberni,49.240226,-124.81744,
CABCO,Baie Comeau,CAN,Canada,Baie Comeau,49.244937,-68.125405,Export
CAVAN,Vancouver (Canada),CAN,Canada,Vancouver (Canada),49.304475,-123.118505,Import/Export
GBSPT,,GBR,United Kingdom,St Peter Port,49.455995,-2.528536,
FRLEH,Le Havre,FRA,France,Le Havre,49.471667,0.16,
FRCER,Cherbourg,FRA,France,Cherbourg,49.651398,-1.613831,
FRDPE,Dieppe,FRA,France,Dieppe,49.932853,1.085777,Export
CAPCA,Port-Cartier,CAN,Canada,Port-Cartier,50.032481,-66.782494,Export
FRLTR,,FRA,France,Le Treport,50.061938,1.376563,
GBFAL,Falmouth,GBR,United Kingdom,Falmouth,50.156569,-5.05185,
CAYNA,,CAN,Canada,Natashquan,50.189564,-61.842445,
CASEI,Sept Iles (Seven Islands),CAN,Canada,Sept-Iles,50.196936,-66.382406,
CAHSP,,CAN,Canada,Havre-Saint-Pierre,50.236904,-63.61183,
GBFOY,Fowey,GBR,United Kingdom,Fowey,50.344998,-4.631607,Import
GBPLY,"Plymouth, GB",GBR,United Kingdom,"Plymouth, GB",50.361667,-4.151667,Import
NULL,,CAN,Canada,Kultus Cove BC,50.490138,-127.683553,
GBTNM,Teignmouth,GBR,United Kingdom,Teignmouth,50.545799,-3.50261,Import
GBPTL,"Portland, UK",GBR,United Kingdom,"Portland, UK",50.572581,-2.432239,Import
GBPOO,Poole,GBR,United Kingdom,Poole,50.706667,-1.988333,Import
FRBOL,Boulogne-sur-Mer,FRA,France,Boulogne-sur-Mer,50.72686,1.587827,Export
GBNHV,,GBR,United Kingdom,Newhaven,50.785267,0.056777,
GBSHO,Shoreham,GBR,United Kingdom,Shoreham,50.830833,-0.2225,Import
GBSOU,Southampton,GBR,United Kingdom,Southampton,50.889289,-1.399751,Import
GBRYE,,GBR,United Kingdom,Rye,50.941125,0.759535,
FRDKK,Dunkirk,FRA,France,Dunkirk,51.052647,2.337674,Import/Export
GBDVR,Dover,GBR,United Kingdom,Dover,51.123697,1.337963,
BEANR,Antwerpen,BEL,Belgium,Antwerpen,51.264509,4.346975,Import/Export
GBLON,London,GBR,United Kingdom,London,51.495493,-0.000823,Import
GBPTB,,GBR,United Kingdom,Port Talbot,51.574443,-3.806187,
GBCKS,,GBR,United Kingdom,Creeksea,51.623655,0.792683,
IECTB,Castletown Bearhaven,IRL,Ireland,Castletown Bearhaven,51.649124,-9.905585,Import
IEBYT,,IRL,Ireland,Bantry,51.685888,-9.531974,
GBMLF,,GBR,United Kingdom,Milford Haven,51.698544,-5.048799,
IEKLN,,IRL,Ireland,Kinsale,51.701834,-8.517266,
GBSSS,Sharpness,GBR,United Kingdom,Sharpness,51.719363,-2.476041,Import
IEORK,Cork,IRL,Ireland,Cork,51.89952,-8.45755,Import
GBFXT,Felixstowe,GBR,United Kingdom,Felixstowe,51.951946,1.30935,Import
IEYOU,,IRL,Ireland,Youghal,51.956703,-7.847085,
NLRTM,Rotterdam,NLD,Netherlands,Rotterdam,51.989721,4.043536,Import
NLSCE,Scheveningen,NLD,Netherlands,Scheveningen,52.099439,4.264922,Import
IEROS,,IRL,Ireland,Rosslare Harbour,52.255385,-6.337265,
IEFEN,,IRL,Ireland,Fenit,52.270633,-9.860879,
NLAMS,Amsterdam,NLD,Netherlands,Amsterdam,52.414495,4.841465,Import
GBGTY,Great Yarmouth,GBR,United Kingdom,Great Yarmouth,52.584965,1.730067,Import
IEMOT,,IRL,Ireland,Moneypoint,52.6025,-9.42,
NLDHR,,NLD,Netherlands,Den Helder,52.959157,4.786843,
GBBOS,,GBR,United Kingdom,Boston,52.968737,-0.018422,
IEWIC,Wicklow,IRL,Ireland,Wicklow,52.9809,-6.034661,Import
RUPKC,,RUS,Russian Federation,Petropavlovsk-Kamchatskiy,53.006039,158.643025,
DEPAP,,DEU,Germany,Papenburg,53.094786,7.373908,
NLHAR,Harlingen,NLD,Netherlands,Harlingen,53.17608,5.410726,Import
IEGWY,Galway,IRL,Ireland,Galway,53.270056,-9.049873,Import
GBHLY,,GBR,United Kingdom,Holyhead,53.318451,-4.622639,
IEDUB,Dublin,IRL,Ireland,Dublin,53.344973,-6.211016,Import
PLSZZ,Szczecin,POL,Poland,Szczecin,53.406545,14.607199,Import/Export
GBLIV,Liverpool,GBR,United Kingdom,Liverpool,53.436136,-3.020856,Import
DEHAM,Hamburg,DEU,Germany,Hamburg,53.523311,9.93864,Import/Export
RUMVO,,RUS,Russian Federation,Moskalvo,53.546608,142.517606,
GBIMM,Immingham,GBR,United Kingdom,Immingham,53.627473,-0.192123,Import
IEDRO,Drogheda,IRL,Ireland,Drogheda,53.720267,-6.318941,Import
DEUCK,,DEU,Germany,Ueckermunde,53.743434,14.098112,
USDUT,,USA,United States of America,Dutch Harbor,53.882936,-166.529795,
DELBC,Lubeck,DEU,Germany,Lubeck,53.893845,10.696147,Import/Export
PLSWI,Swinoujscie,POL,Poland,Swinoujscie,53.895131,14.253964,Import/Export
DEWIS,Wismar,DEU,Germany,Wismar,53.900208,11.4489,Import
CAKTM,Kitimat,CAN,Canada,Kitimat,53.993767,-128.686921,Import
IEDDK,Dundalk,IRL,Ireland,Dundalk,54.008062,-6.386717,Import
GBWPT,Warrenpoint,GBR,United Kingdom,Warrenpoint,54.100749,-6.262715,Import
DEGRD,Greifswald,DEU,Germany,Greifswald,54.1036,13.447938,Import
GBBIF,Barrow in Furness,GBR,United Kingdom,Barrow in Furness,54.106347,-3.222231,Import
IMDGS,,IMN,Isle of Man,Douglas,54.14681,-4.47467,
DERSK,Rostock,DEU,Germany,Rostock,54.158857,12.124443,Import/Export
NULL,,GBR,United Kingdom,"Peel, Isle of Man",54.227114,-4.69632,
IESLI,,IRL,Ireland,Sligo,54.283523,-8.492603,
CAPRR,Prince Rupert,CAN,Canada,Prince Rupert,54.298053,-130.354358,Import/Export
DESTL,Stralsund,DEU,Germany,Stralsund,54.312004,13.102454,Import
IMRAM,,IMN,Isle of Man,Ramsey,54.322401,-4.380179,
DEHHF,Heiligenhafen,DEU,Germany,Heiligenhafen,54.373223,10.986323,Import
PLGDN,Gdansk,POL,Poland,Gdansk,54.411647,18.659839,Import/Export
PLDAR,,POL,Poland,Darlowo,54.441459,16.372559,
DEHUS,"Husum, DE",DEU,Germany,"Husum, DE",54.472867,9.041772,Import
DEMUK,Mukran,DEU,Germany,Mukran,54.482939,13.588283,Export
PLGDY,Gdynia,POL,Poland,Gdynia,54.535072,18.542785,Import/Export
DKGED,,DNK,Denmark,Gedser,54.571035,11.926626,
PLUST,Ustka,POL,Poland,Ustka,54.587588,16.853225,
GBBEL,Belfast,GBR,United Kingdom,Belfast,54.623006,-5.894487,Import
IEKBS,,IRL,Ireland,Killybegs,54.62833,-8.43753,
RUBLT,Baltiysk,RUS,Russian Federation,Baltiysk,54.633924,19.921967,Import
GBWOR,,GBR,United Kingdom,Workington,54.649988,-3.566121,
DKROF,,DNK,Denmark,Rodby,54.653138,11.351892,
DEOLP,,DEU,Germany,Olpenitz,54.658903,10.026,
GBHTP,Hartlepool,GBR,United Kingdom,Hartlepool,54.698757,-1.194318,Import
DKNYF,Nykobing Falster,DNK,Denmark,Nykobing Falster,54.768838,11.861722,Import
DEFLF,,DEU,Germany,Flensburg,54.807545,9.437011,
DKNAK,Nakskov,DNK,Denmark,Nakskov,54.832142,11.124641,Import
GBLAR,,GBR,United Kingdom,Larne,54.846518,-5.7965,
DKMRS,,DNK,Denmark,Marstal,54.856421,10.522638,
GBSIL,Silloth,GBR,United Kingdom,Silloth,54.867613,-3.392962,Import
DKAAB,Abenra,DNK,Denmark,Abenra,55.040378,9.427756,Import
GBLDY,Londonderry,GBR,United Kingdom,Londonderry,55.041887,-7.26382,Import
DKSVE,,DNK,Denmark,Svendborg,55.061147,10.617503,
DKRNN,Ronne,DNK,Denmark,Ronne,55.096894,14.691188,Import
GBBLY,,GBR,United Kingdom,Blyth,55.135511,-1.516503,
RUKMU,,RUS,Russian Federation,Kamskoye Ustye,55.201904,49.291445,
DKKRR,Korsor,DNK,Denmark,Korsor,55.331946,11.143999,Import
USSDP,,USA,United States of America,Sand Point AK,55.332324,-160.504035,
SETRG,,SWE,Sweden,Trelleborg,55.367452,13.152117,
SEYST,,SWE,Sweden,Ystad,55.424167,13.825,
GBCBT,,GBR,United Kingdom,Campbeltown,55.424385,-5.601166,
DKKOG,Koge,DNK,Denmark,Koge,55.454767,12.200193,Import
DKEBJ,Esbjerg,DNK,Denmark,Esbjerg,55.465572,8.434173,Import
DKODE,Odense,DNK,Denmark,Odense,55.47027,10.532144,Import
DKKOL,Kolding,DNK,Denmark,Kolding,55.492778,9.499167,Import
USKLW,,USA,United States of America,Klawock AK,55.540145,-133.108486,
SESIM,,SWE,Sweden,Simrishamn,55.558976,14.359448,
DKVRE,,DNK,Denmark,Avedore,55.600289,12.485522,
SEMMA,Malmo,SWE,Sweden,Malmo,55.622422,12.98879,Import
DKKAL,Kalundborg,DNK,Denmark,Kalundborg,55.674436,11.090394,Export
LTKLJ,Klaipeda,LTU,Lithuania,Klaipeda,55.705984,21.121266,Import/Export
DKVEJ,Vejle,DNK,Denmark,Vejle,55.706043,9.549103,Import
DKHOR,Horsens,DNK,Denmark,Horsens,55.8575,9.863333,Import
GBCYP,Clydeport,GBR,United Kingdom,Clydeport,55.893232,-4.400878,Import
DKFDV,Frederiksvaerk,DNK,Denmark,Frederiksvaerk,55.961673,12.012217,Import
NULL,,DNK,Denmark,Odden,55.973379,11.299849,
SESOL,Solvesborg,SWE,Sweden,Solvesborg,56.031705,14.577683,Import
GBGRG,Grangemouth,GBR,United Kingdom,Grangemouth,56.034185,-3.688567,
SEHEL,Helsingborg,SWE,Sweden,Helsingborg,56.041329,12.687211,Import
DKAAR,Aarhus,DNK,Denmark,Aarhus,56.152109,10.236585,Import
SEKAN,Karlshamn,SWE,Sweden,Karlshamn,56.161462,14.861118,Import
SEHOG,,SWE,Sweden,Hoganas,56.198729,12.543689,
USKCL,,USA,United States of America,Chignik AK,56.298011,-158.386681,
SEDEG,,SWE,Sweden,Degerhamn,56.354006,16.405876,
DKGRE,Grenaa,DNK,Denmark,Grenaa,56.411186,10.927241,Import
DKRAN,Randers,DNK,Denmark,Randers,56.460271,10.058163,Import
LVLPX,Liepaja,LVA,Latvia,Liepaja,56.541447,20.974634,Import/Export
SEHAD,Halmstad,SWE,Sweden,Halmstad,56.655637,12.855922,Import
SEKLR,Kalmar,SWE,Sweden,Kalmar,56.659261,16.369633,Import
DKDAS,,DNK,Denmark,Dansk Salts Havn,56.682779,10.038146,
DKTYB,,DNK,Denmark,Tyboron,56.693047,8.222521,
GBCOR,,GBR,United Kingdom,Corpach,56.840855,-5.130886,
LVRIX,Riga,LVA,Latvia,Riga,57.065131,24.01741,Import/Export
DKAAL,Aalborg,DNK,Denmark,Aalborg,57.065445,9.971478,Import
DKHAN,,DNK,Denmark,Hanstholm,57.119631,8.594791,
SEOSK,,SWE,Sweden,Oskarshamn,57.267389,16.476773,
LVSKU,Skulte,LVA,Latvia,Skulte,57.317083,24.403088,Export
SEKLI,Klintehamn,SWE,Sweden,Klintehamn,57.388275,18.187697,Import
LVVNT,Ventspils,LVA,Latvia,Ventspils,57.402805,21.536093,Import/Export
DKFDH,Frederikshavn,DNK,Denmark,Frederikshavn,57.435819,10.542483,
DKHIR,,DNK,Denmark,Hirtshals,57.595,9.968889,
SEVBY,,SWE,Sweden,Visby,57.638234,18.283163,
SEGOT,Goteborg,SWE,Sweden,Goteborg,57.690248,11.875056,Import
GBFRB,,GBR,United Kingdom,Fraserburgh,57.69235,-1.999306,
GBNGG,,GBR,United Kingdom,Nigg,57.692641,-4.037343,
SESLI,Slite,SWE,Sweden,Slite,57.712226,18.809083,Import
DKSKA,,DNK,Denmark,Skagen,57.717926,10.590354,
LVSAL,,LVA,Latvia,Salacgriva,57.754976,24.344766,
SEVVK,,SWE,Sweden,Vastervik,57.755832,16.653045,
USADQ,,USA,United States of America,Kodiak AK,57.7873,-152.401391,
GBAUL,,GBR,United Kingdom,Aultbea,57.827403,-5.585584,
SEKPH,,SWE,Sweden,Kappelshamn,57.848137,18.789817,
NOMAN,Mandal,NOR,Norway,Mandal,58.017084,7.476555,Import
NOKRS,Kristiansand,NOR,Norway,Kristiansand,58.142878,7.987476,
GBSTO,,GBR,United Kingdom,Stornoway,58.205979,-6.389069,
SEUDD,Uddevalla,SWE,Sweden,Uddevalla,58.345256,11.902272,Import
SEBRO,,SWE,Sweden,Brofjorden,58.355168,11.434863,
EEPRN,,EST,Estonia,Parnu,58.3809,24.477835,
NOARE,,NOR,Norway,Arendal,58.461501,8.777162,
SELDK,,SWE,Sweden,Lidkoping,58.508777,13.163903,
SENRK,Norrkoping,SWE,Sweden,Norrkoping,58.601923,16.22074,Import
GBSCR,,GBR,United Kingdom,Scrabster,58.612059,-3.541455,
SEOXE,Oxelosund,SWE,Sweden,Oxelosund,58.661351,17.112159,Import
CACHV,Churchill,CAN,Canada,Churchill,58.777854,-94.198541,
GBFLH,,GBR,United Kingdom,Flotta,58.845376,-3.117071,
SEOTT,,SWE,Sweden,Otterbacken,58.950633,14.034699,
GBKWL,,GBR,United Kingdom,Kirkwall,58.987,-2.961791,
NOLAR,Larvik,NOR,Norway,Larvik,59.048942,10.024002,Import
NOHRY,Heroya,NOR,Norway,Heroya,59.113031,9.633342,Import
NOHAL,,NOR,Norway,Halden,59.117397,11.376056,
NOSAD,,NOR,Norway,Sandefjord,59.118708,10.226995,
NOSPG,Sarpsborg,NOR,Norway,Sarpsborg,59.269446,11.100676,Import
NOKAR,,NOR,Norway,Karsto,59.271322,5.502622,
SEKHN,Kristinehamn,SWE,Sweden,Kristinehamn,59.315474,14.089081,Import
NOSLG,,NOR,Norway,Slagentangen,59.326958,10.515899,
EEPLA,,EST,Estonia,Paldiski,59.332578,24.080415,
SEGRU,,SWE,Sweden,Gruvon,59.335815,13.119533,
SESTO,Stockholm,SWE,Sweden,Stockholm,59.347396,18.118391,Import/Export
SEKSD,,SWE,Sweden,Karlstad,59.37071,13.524163,
NOJEL,Jelsa,NOR,Norway,Jelsa,59.373246,6.042768,Import
EESLM,Sillamae,EST,Estonia,Sillamae,59.420154,27.72914,Import
EETLL,Tallinn,EST,Estonia,Tallinn,59.446235,24.768169,
USSGY,,USA,United States of America,Skagway,59.450616,-135.325516,
SEKOG,,SWE,Sweden,Koping,59.50203,16.019906,
EEKND,Kunda,EST,Estonia,Kunda,59.525386,26.546349,Export
SEBAA,,SWE,Sweden,Balsta,59.548456,17.538922,
SEVST,Vasteras,SWE,Sweden,Vasteras,59.588548,16.51948,Import
NOLAN,,NOR,Norway,Langevag,59.611614,5.241962,
RUULU,Ust-luga,RUS,Russian Federation,Ust-luga,59.663466,28.289816,Import/Export
FIHKO,,FIN,Finland,Hanko (Hango),59.819907,22.94223,
RULED,Saint Petersburg,RUS,Russian Federation,Saint Petersburg,59.913273,30.236008,Import/Export
FIINK,Inkoo (Inga),FIN,Finland,Inkoo (Inga),60.014711,23.923241,Import
FIKNT,Kantvik,FIN,Finland,Kantvik,60.083333,24.375646,Import
USSEW,,USA,United States of America,Seward,60.086425,-149.35599,
NOSTB,,NOR,Norway,Storabo,60.089893,5.215875,
GBLER,Lerwick,GBR,United Kingdom,Lerwick,60.162396,-1.156351,Import
FIHEL,Helsinki,FIN,Finland,Helsinki,60.166501,24.955566,
SEHAN,Hargshamn,SWE,Sweden,Hargshamn,60.170079,18.488069,Import
FIPAR,,FIN,Finland,Pargas (Parainen),60.295075,22.299834,
FIPRV,Porvoo,FIN,Finland,Porvoo,60.306291,25.553147,Import
RUPRI,,RUS,Russian Federation,Primorsk (Koivisto),60.332062,28.710589,
NOBGO,Bergen,NOR,Norway,Bergen,60.391732,5.295344,
FILOV,Loviisa (Lovisa),FIN,Finland,Loviisa (Lovisa),60.417013,26.254118,Import
FINLI,Naantali (Nadendal),FIN,Finland,Naantali (Nadendal),60.457993,22.037869,Import
GBSUL,Sullom Voe,GBR,United Kingdom,Sullom Voe,60.459497,-1.301499,
FIHMN,Hamina (Fredrikshamn),FIN,Finland,Hamina (Fredrikshamn),60.517882,27.161051,Import
NOSTU,,NOR,Norway,Stura,60.61893,4.857996,
SEGVX,Gavle,SWE,Sweden,Gavle,60.688899,17.213806,Import
RUVYG,Vyborg,RUS,Russian Federation,Vyborg,60.708135,28.731761,
GLJJU,,GRL,Greenland,Qaqortoq,60.717119,-46.035889,
FIUKI,Uusikaupunki,FIN,Finland,Uusikaupunki,60.79614,21.375779,Import
NOMON,,NOR,Norway,Mongstad,60.817779,5.035523,
SENOT,,SWE,Sweden,Norrsundet,60.937468,17.151819,
FIRAU,Rauma (Raumo),FIN,Finland,Rauma (Raumo),61.126194,21.454999,Import
SEVAL,,SWE,Sweden,Vallvik,61.190846,17.173724,
NOFDE,,NOR,Norway,Forde,61.461141,5.834215,
FOTVO,,FRO,Faroe Islands,Tvoroyri,61.553326,-6.806751,
FIPOR,Pori,FIN,Finland,Pori,61.596323,21.487748,Import
SEIGG,,SWE,Sweden,Iggesund,61.639892,17.100601,
FOTOR,,FRO,Faroe Islands,Torshavn,62.004228,-6.766918,
NOAHM,Aheim,NOR,Norway,Aheim,62.043143,5.516501,Import
FORVK,,FRO,Faroe Islands,Runavik,62.112217,-6.728362,
FOKVI,Klaksvik,FRO,Faroe Islands,Klaksvik,62.236372,-6.595239,
SEOST,,SWE,Sweden,Ostrand,62.477812,17.339881,
SEHND,,SWE,Sweden,Harnosand,62.642234,17.939112,
FIVAA,Vaasa (Vasa),FIN,Finland,Vaasa (Vasa),63.088053,21.55326,Import
SEOER,,SWE,Sweden,Ornskoldsvik,63.276843,18.742089,
SEHUS,,SWE,Sweden,"Husum, SE",63.322247,19.15207,
NOTBO,,NOR,Norway,Tjeldbergodden,63.41402,8.683142,
ISVES,Vestmannaeyjar,ISL,Iceland,Vestmannaeyjar,63.445529,-20.275154,
SERUV,,SWE,Sweden,Rundvik,63.536352,19.457666,
SEUME,Umea,SWE,Sweden,Umea,63.696058,20.343355,Import
FIPRS,,FIN,Finland,Jacobstad,63.717481,22.688246,
ISGRI,,ISL,Iceland,Grindavik,63.83854,-22.42914,
FIKOK,Kokkola (Karleby),FIN,Finland,Kokkola (Karleby),63.860833,23.038333,Import
RUONG,,RUS,Russian Federation,Onega,63.932956,38.015826,
ISHEL,,ISL,Iceland,Helguvik,64.021798,-22.556969,
ISSTR,,ISL,Iceland,Straumsvik,64.046313,-22.039562,
FIRAH,Rahja,FIN,Finland,Rahja,64.224507,23.715812,Import
ISHFN,,ISL,Iceland,Hornafjordur,64.248267,-15.191664,
ISGRT,Grundartangi,ISL,Iceland,Grundartangi,64.35571,-21.777072,Import
RUPVS,,RUS,Russian Federation,"Provideniya, Bukhta",64.419213,-173.230947,
NOOSY,Namsos,NOR,Norway,Namsos,64.459396,11.507586,Import
USOME,,USA,United States of America,Nome AK,64.495053,-165.434253,
RUARH,Arkhangelsk,RUS,Russian Federation,Arkhangelsk,64.529987,40.526014,Import
RUSEW,,RUS,Russian Federation,Severodvinsk,64.579317,39.789546,
FIRAA,Raahe (Brahestad),FIN,Finland,Raahe (Brahestad),64.656612,24.408961,Import
SESKE,,SWE,Sweden,Skelleftehamn,64.676661,21.272132,
NORVK,,NOR,Norway,Rorvik,64.860428,11.239979,
ISOLV,,ISL,Iceland,Olafsvik,64.897455,-23.701002,
FIOLU,,FIN,Finland,Oulu,65.002604,25.395941,
ISRFJ,,ISL,Iceland,Reydarfjordur,65.030682,-14.221149,
ISSTY,,ISL,Iceland,Stykkisholmur - hofn,65.072294,-22.747158,
ISNES,,ISL,Iceland,Neskaupstadur,65.146321,-13.683673,
SEPIT,,SWE,Sweden,Pitea,65.236325,21.624441,
NOBNN,Bronnoysund,NOR,Norway,Bronnoysund,65.473639,12.207938,Import
SELLA,,SWE,Sweden,Lulea,65.549625,22.228649,
GLAGM,,GRL,Greenland,Tasiilaq,65.614112,-37.624976,
ISAKU,Akureyri,ISL,Iceland,Akureyri,65.693974,-18.087037,
FITOR,Tornio (Tornea),FIN,Finland,Tornio (Tornea),65.75457,24.154135,Import
ISVPN,,ISL,Iceland,Vopnafjordur,65.758495,-14.817069,
SEKXV,,SWE,Sweden,Karlsborg Axelvik,65.798853,23.274757,
NOMJF,Mosjoen,NOR,Norway,Mosjoen,65.853071,13.187391,Import
ISDAL,,ISL,Iceland,Dalvik,65.973442,-18.527028,
NOSSJ,,NOR,Norway,Sandnessjoen,66.024691,12.637539,
ISHUS,,ISL,Iceland,Husavik,66.044932,-17.351476,
ISSIG,,ISL,Iceland,Siglufjord,66.152104,-18.899559,
ISTHO,,ISL,Iceland,Thorshofn,66.195459,-15.335652,
NOMQN,Mo i Rana,NOR,Norway,Mo i Rana,66.316749,14.122384,Import
NOGLO,Glomfjord,NOR,Norway,Glomfjord,66.808636,13.939991,Import
RUKAN,,RUS,Russian Federation,Kandalaksha,67.137775,32.407386,
NOBOO,Bodo,NOR,Norway,Bodo,67.290718,14.392582,Import
USRDB,,USA,United States of America,Red Dog AK,67.574954,-164.065841,
NOSVJ,,NOR,Norway,Svolvar,68.230696,14.56712,
NONVK,,NOR,Norway,Narvik,68.428394,17.421578,
NOSLX,,NOR,Norway,Sortland,68.700812,15.42015,
GLJEG,,GRL,Greenland,Aasiaat,68.707718,-52.879036,
RUMMK,Murmansk,RUS,Russian Federation,Murmansk,68.984466,33.05291,Import
NOBAF,,NOR,Norway,Balsfjord,69.312708,19.346481,
NOTOS,Tromso,NOR,Norway,Tromso,69.660005,18.970713,Import
RUPWE,,RUS,Russian Federation,Pevek,69.705691,170.256043,
NOKKN,,NOR,Norway,Kirkenes,69.72935,30.070711,
NOALF,,NOR,Norway,Alta,69.980106,23.33254,
NOHFT,Hammerfest,NOR,Norway,Hammerfest,70.668734,23.667492,
RUSAB,,RUS,Russian Federation,Sabetta,71.277751,72.073859,
RUIKS,,RUS,Russian Federation,Tiksi,71.63736,128.895171,
GLJUV,,GRL,Greenland,Upernavik,72.788075,-56.147673,
NULL,,GRL,Greenland,North Star Bugt,76.540811,-68.850792,